image_id,breed
7ede553357,pantherophis-obsoletus
3500b219e4,heterodon-platirhinos
d43a78d6d9,pantherophis-obsoletus
1f36f26994,nerodia-sipedon
8cb85fc58e,pantherophis-obsoletus
7176bcfe9a,lampropeltis-triangulum
27f2d0f582,pantherophis-obsoletus
43eebba928,storeria-dekayi
180a56f143,heterodon-platirhinos
07fd20e8bd,agkistrodon-piscivorus
d6145eb8ef,pantherophis-obsoletus
43cf88006f,pantherophis-obsoletus
545094975f,crotalus-atrox
de232d35ce,pantherophis-obsoletus
f49f11daf4,lampropeltis-californiae
be70c24805,crotalus-ruber
8a68c61789,rhinocheilus-lecontei
e4a0afbde5,crotalus-atrox
5d046e4a57,heterodon-platirhinos
9450d432f1,agkistrodon-piscivorus
24ae6b28c9,crotalus-atrox
bbbcf461fd,heterodon-platirhinos
25f864a129,crotalus-atrox
9d63e29dab,pantherophis-obsoletus
560a7820ef,agkistrodon-contortrix
261a672081,pituophis-catenifer
e08cecfcc8,thamnophis-sirtalis
dcbaefa9de,pantherophis-obsoletus
4757eec719,storeria-dekayi
7a5772b7df,lampropeltis-californiae
756a3734d1,pantherophis-emoryi
bcb51ed4fd,pantherophis-guttatus
b28a9dbd17,thamnophis-sirtalis
84496bd65b,agkistrodon-piscivorus
97254f0a1e,thamnophis-sirtalis
738e860bf3,pantherophis-obsoletus
5b04af2d08,lampropeltis-triangulum
df1007a11e,thamnophis-sirtalis
71e4a3726c,pituophis-catenifer
9ec71badf5,pantherophis-obsoletus
9aaf30ca4e,pantherophis-obsoletus
502dbd30e8,pantherophis-obsoletus
6a0948343e,agkistrodon-contortrix
a9c94931b4,lampropeltis-californiae
94f8b871bc,thamnophis-sirtalis
65be04e1a7,thamnophis-sirtalis
553b5be83f,thamnophis-sirtalis
f156e4b9ad,pantherophis-obsoletus
c195a35480,pituophis-catenifer
ba36d77d65,thamnophis-radix
ac60cb4c64,storeria-dekayi
e99babb9da,thamnophis-sirtalis
3f79415b22,crotalus-ruber
07a7f4b8a2,pantherophis-obsoletus
8713b35996,pantherophis-obsoletus
8161aa3270,nerodia-sipedon
c084141ebb,nerodia-sipedon
3f264dfa93,thamnophis-sirtalis
ac29145967,crotalus-ruber
14cc5c0b07,pantherophis-obsoletus
0d53f3592b,thamnophis-sirtalis
339702c73e,thamnophis-sirtalis
d9282cfc2f,lampropeltis-californiae
7cbb3598a5,opheodrys-aestivus
7d23dd1a25,agkistrodon-piscivorus
302ae16a4f,thamnophis-sirtalis
665ce5599e,pantherophis-obsoletus
7fe9ccee38,lampropeltis-californiae
b4ee296fbe,storeria-dekayi
463302e361,crotalus-horridus
a18b060715,thamnophis-proximus
72b767e027,thamnophis-sirtalis
28c9bd4b10,pituophis-catenifer
a8cf67b3cd,lampropeltis-triangulum
dc0bd440c3,opheodrys-aestivus
1b558cc89f,thamnophis-proximus
23a5181788,heterodon-platirhinos
17e5f4b5bf,crotalus-atrox
45708c6f17,thamnophis-proximus
90e93122c1,crotalus-viridis
9aac958618,lampropeltis-californiae
23f9ca3329,thamnophis-sirtalis
3702f63d72,thamnophis-sirtalis
142b516abc,thamnophis-radix
db55095044,pituophis-catenifer
2532449658,storeria-dekayi
521ce40402,pantherophis-obsoletus
5bdb8079ed,storeria-dekayi
2b88eaac56,thamnophis-radix
f11e311c90,pantherophis-obsoletus
75b79378c3,thamnophis-sirtalis
8f457bca60,pituophis-catenifer
4aae3ed36b,opheodrys-aestivus
7e85692fa2,thamnophis-sirtalis
8557e64d0e,crotalus-horridus
f590310834,thamnophis-sirtalis
6ce6de9def,thamnophis-sirtalis
5e13f84aae,pituophis-catenifer
3f595dc653,pantherophis-obsoletus
28fc7c65cc,thamnophis-sirtalis
2e6627723a,pantherophis-obsoletus
759223778f,crotalus-horridus
68e08979eb,pantherophis-obsoletus
b51b666b0a,pantherophis-obsoletus
1134c2556d,thamnophis-sirtalis
e10bcc9899,agkistrodon-contortrix
4d84d06252,storeria-dekayi
71792ec7f9,pantherophis-obsoletus
87fff43cf4,pantherophis-obsoletus
d0d91b6a16,coluber-constrictor
b1606f2410,thamnophis-sirtalis
f9a3564f88,thamnophis-sirtalis
8bdccf2baf,thamnophis-sirtalis
abbfa54027,crotalus-horridus
ca469b7a27,diadophis-punctatus
95a51a0fcd,pantherophis-obsoletus
8ef78ef2d3,pantherophis-obsoletus
e21af6d4b9,crotalus-atrox
221b1ee2f1,pantherophis-alleghaniensis
b2c3d5d9fb,thamnophis-sirtalis
526c9eac74,pantherophis-obsoletus
a38e41fd76,pantherophis-obsoletus
b2ba21f052,crotalus-horridus
3b9b67ba03,thamnophis-sirtalis
327b772827,lampropeltis-triangulum
2afdb4999f,pantherophis-emoryi
0cbf1992d0,agkistrodon-contortrix
c822ae5d01,pantherophis-obsoletus
5405370c87,pantherophis-obsoletus
092388daba,diadophis-punctatus
99a3b654d0,coluber-constrictor
e0f8e741d4,thamnophis-sirtalis
5d9cf27241,storeria-dekayi
632bed91e6,diadophis-punctatus
83d7c726d0,thamnophis-radix
2555c7e7ce,thamnophis-sirtalis
2b9180fb4f,storeria-occipitomaculata
e211c36384,heterodon-platirhinos
06b96eed56,pantherophis-obsoletus
d8fe032fe4,pantherophis-obsoletus
366c0f8d42,thamnophis-sirtalis
be80579760,pantherophis-guttatus
a4ff6226a3,heterodon-platirhinos
53da6f2a06,pituophis-catenifer
509628b6d3,crotalus-atrox
75206b0c2d,crotalus-ruber
c3e988cbe7,pantherophis-obsoletus
bf3224d5bb,thamnophis-sirtalis
2d45d24990,thamnophis-sirtalis
217a85c6a0,storeria-dekayi
f910b4dafd,thamnophis-sirtalis
dbc89aa6fc,nerodia-sipedon
e0c882d7b5,thamnophis-sirtalis
bbd20396ee,opheodrys-aestivus
a9bd8d4550,storeria-dekayi
f9315c3d9d,lampropeltis-triangulum
c53c61ff1d,agkistrodon-piscivorus
ae76c25b30,crotalus-atrox
0554b687c1,pantherophis-obsoletus
8227ee21d5,thamnophis-sirtalis
e63f970c24,storeria-occipitomaculata
5a7a965d51,pantherophis-obsoletus
6f885777ae,pantherophis-obsoletus
c63d4c04d9,crotalus-horridus
d678d67897,crotalus-horridus
03d156d9ee,heterodon-platirhinos
39d5cf451b,pantherophis-obsoletus
c8583aa3f1,nerodia-sipedon
72fd0c7625,pantherophis-guttatus
89428de91a,pantherophis-obsoletus
e3ad957f8f,pituophis-catenifer
4b49ad90af,heterodon-platirhinos
e4ff7155e8,crotalus-horridus
eaa331f24e,thamnophis-marcianus
28edbbefda,pantherophis-alleghaniensis
aa1015e3c8,heterodon-platirhinos
644033bba9,pantherophis-obsoletus
c612cc9390,heterodon-platirhinos
6870b31b63,pantherophis-obsoletus
b22d6d545d,thamnophis-proximus
bf1adbeecc,thamnophis-sirtalis
16e1861f42,pantherophis-obsoletus
8e7302d0c7,pantherophis-obsoletus
473b09a338,crotalus-scutulatus
80da1ca7fe,thamnophis-sirtalis
c3e38fc290,pantherophis-obsoletus
901a78b5f6,pantherophis-guttatus
250946e33d,storeria-dekayi
71bb3b775f,storeria-dekayi
58e653c556,lampropeltis-californiae
ff0d70fb78,thamnophis-sirtalis
bbbaf02d7b,opheodrys-aestivus
a8729cbe08,crotalus-ruber
e754670fa9,pituophis-catenifer
d51800edfc,storeria-dekayi
54705e5068,pantherophis-obsoletus
2d26350d5f,thamnophis-sirtalis
65ea1d3d84,crotalus-atrox
fc2019398b,crotalus-atrox
76bc77c3be,crotalus-horridus
ae5258ea04,thamnophis-sirtalis
8d8734a395,opheodrys-aestivus
a6ac17e3d8,thamnophis-sirtalis
2ca8252168,crotalus-horridus
d81bbe11bb,nerodia-erythrogaster
fb1ea63ee1,storeria-dekayi
d7b6ef28af,pituophis-catenifer
fe015ee591,lampropeltis-triangulum
e4f9ad2007,pantherophis-obsoletus
26758bec6d,nerodia-sipedon
23dd09c2b6,thamnophis-sirtalis
7c34e2cdec,pantherophis-obsoletus
6ec294cf12,thamnophis-sirtalis
36d521dbd5,lampropeltis-californiae
9a6e35d716,diadophis-punctatus
8bbc299a40,crotalus-atrox
fd5e259ea8,diadophis-punctatus
db292dcc3b,thamnophis-radix
f481c83182,thamnophis-sirtalis
4245d68d46,storeria-dekayi
59e640bb91,thamnophis-sirtalis
36c233f563,pantherophis-obsoletus
bc3799b2df,agkistrodon-piscivorus
9e937f940b,pantherophis-obsoletus
9a7b588cb9,storeria-dekayi
7ff5570d2f,pantherophis-obsoletus
087903f361,pantherophis-obsoletus
6e66f9667f,thamnophis-sirtalis
60dd49f8d4,thamnophis-radix
7064757509,pantherophis-obsoletus
baa3f02141,pantherophis-obsoletus
7dce396ff5,thamnophis-proximus
30a99aee44,agkistrodon-contortrix
665b29ab42,thamnophis-sirtalis
a443ddb908,thamnophis-sirtalis
ac95eb1818,lampropeltis-triangulum
05a6798995,thamnophis-sirtalis
0241586560,thamnophis-sirtalis
ff45fac73c,pantherophis-obsoletus
013c73ee17,pantherophis-obsoletus
b93e2f9f5b,pantherophis-obsoletus
2b1413378c,diadophis-punctatus
9cb08cd05a,pantherophis-obsoletus
13aa42a7e4,pantherophis-obsoletus
641e266e15,storeria-dekayi
7b5344ccfd,pantherophis-obsoletus
13cfe36156,masticophis-flagellum
e3638b66ab,opheodrys-aestivus
0f5042aa5a,thamnophis-sirtalis
79783161b7,lampropeltis-triangulum
195c38795c,pantherophis-obsoletus
0290d68533,lampropeltis-triangulum
2a2b711e1e,pantherophis-obsoletus
51622421a7,thamnophis-sirtalis
9f4c9e5d29,lampropeltis-californiae
55cf94ef25,pantherophis-obsoletus
8e3a442218,nerodia-erythrogaster
a5bd623c6a,agkistrodon-contortrix
192dd2d4b7,coluber-constrictor
5b3791c4e4,lampropeltis-triangulum
4f3bb6e01a,pantherophis-obsoletus
9316eb7237,pituophis-catenifer
aa16a509cf,thamnophis-sirtalis
ad68959f68,pantherophis-obsoletus
072f7c5df5,pantherophis-obsoletus
e6fe591e18,pantherophis-guttatus
eed4cc6dda,thamnophis-sirtalis
6335735a8a,crotalus-horridus
40fb202092,diadophis-punctatus
8d34d1a83e,lampropeltis-triangulum
5d58cc2fb1,lampropeltis-triangulum
e073226ee2,pantherophis-guttatus
630628b60b,pituophis-catenifer
c074d2a3c3,nerodia-sipedon
2c03979041,thamnophis-sirtalis
237efd22ef,heterodon-platirhinos
5a23092d94,thamnophis-proximus
cebc8a3140,thamnophis-sirtalis
ddbb02224a,nerodia-sipedon
785ba4871f,pantherophis-obsoletus
d19b66d326,pantherophis-obsoletus
f9b0800cb8,crotalus-atrox
2f065830d7,pantherophis-obsoletus
b9893aa41a,agkistrodon-contortrix
2c442a09ed,pantherophis-obsoletus
ea100d15e2,pantherophis-obsoletus
9363d2c4be,crotalus-atrox
dd0dc5ba1a,lampropeltis-californiae
86b438d651,pantherophis-obsoletus
a7596b0dda,thamnophis-sirtalis
c0a9301d14,diadophis-punctatus
59d4a652fa,thamnophis-sirtalis
9266faaacf,storeria-dekayi
5c6713d750,crotalus-horridus
4a7b39ccff,pituophis-catenifer
c91233cf4f,pituophis-catenifer
316d089f08,lampropeltis-triangulum
63bb9ed8c2,diadophis-punctatus
8ec81d1cab,pituophis-catenifer
0bef464da6,thamnophis-sirtalis
e3497219ae,pantherophis-obsoletus
259af44b24,storeria-dekayi
c52f2693cf,agkistrodon-piscivorus
18f5184f2e,storeria-occipitomaculata
728f07bb97,crotalus-horridus
fba22fecef,storeria-dekayi
fdbcf4aa99,crotalus-atrox
f8d202075f,thamnophis-sirtalis
369a02e471,pantherophis-obsoletus
3e2cadfaa9,pantherophis-alleghaniensis
0a59465b78,pituophis-catenifer
5717af5063,thamnophis-sirtalis
5a5ed0a9f9,lampropeltis-californiae
503bd5a793,opheodrys-aestivus
861b144528,coluber-constrictor
2c1c60baac,crotalus-atrox
f583cab812,pituophis-catenifer
98e28ee840,nerodia-sipedon
e981adefe8,storeria-dekayi
847dcb005c,lampropeltis-californiae
2bdd1204df,pituophis-catenifer
436a5443a6,coluber-constrictor
b474fba6f6,heterodon-platirhinos
4a52d81d06,pantherophis-obsoletus
e04df53f33,thamnophis-sirtalis
6e0bc47bff,pituophis-catenifer
00a9bba384,thamnophis-sirtalis
c34e07aea2,thamnophis-sirtalis
ddb3fdca4e,crotalus-horridus
772912b335,thamnophis-sirtalis
d2d8c969f4,thamnophis-sirtalis
05c0503e80,pantherophis-obsoletus
0a2842082d,lampropeltis-triangulum
f63ccbe5e4,pituophis-catenifer
7c71df0f36,storeria-dekayi
b812b08083,lampropeltis-triangulum
aa46c84394,pantherophis-obsoletus
172ea701fa,crotalus-atrox
4da6e0c4b1,pantherophis-obsoletus
2680cb138a,pantherophis-obsoletus
042411e752,lampropeltis-triangulum
3a90a92e92,opheodrys-aestivus
194d8bc5a0,thamnophis-sirtalis
1ac35b5307,lampropeltis-triangulum
bd26891431,pantherophis-obsoletus
9bcdad786e,storeria-dekayi
3fbfac0bbb,coluber-constrictor
d9f6166852,crotalus-atrox
c27414795d,pantherophis-obsoletus
031d5fd2dd,lampropeltis-californiae
b359100fa4,opheodrys-aestivus
999b3783d7,thamnophis-radix
959cdb0f88,diadophis-punctatus
8fa0dcc6df,lampropeltis-triangulum
8ea058e917,thamnophis-sirtalis
ae46441c69,pituophis-catenifer
b08c38c7f7,pantherophis-obsoletus
328d66a6d0,thamnophis-sirtalis
5ac5adfab9,pantherophis-obsoletus
593c3b2407,thamnophis-sirtalis
5d701c6be6,pantherophis-obsoletus
b6bcd1799a,thamnophis-sirtalis
b3494fd089,lampropeltis-triangulum
0448002637,pituophis-catenifer
fff8bffdb0,crotalus-horridus
0cbc0f68b6,lampropeltis-triangulum
0debda08e0,pantherophis-obsoletus
d0283c614b,pantherophis-obsoletus
2dbe75a840,lampropeltis-californiae
6d998bc9af,pantherophis-obsoletus
3ff941e398,pantherophis-obsoletus
a9410566e4,pantherophis-obsoletus
358af00cdd,crotalus-atrox
e4ab7ba2ab,diadophis-punctatus
b07f81508c,lampropeltis-triangulum
3b1799fe42,thamnophis-sirtalis
3d6339ea74,thamnophis-sirtalis
2163674737,crotalus-atrox
d99ab56103,thamnophis-elegans
54ba70e3cc,pantherophis-obsoletus
545ed78e38,pantherophis-obsoletus
e7d07009df,thamnophis-sirtalis
f6ec7eba7b,pantherophis-obsoletus
64c3ac5ad0,heterodon-platirhinos
b72ce0175f,storeria-dekayi
b894d764f5,crotalus-horridus
cf5d7c4e17,storeria-dekayi
58663371a3,pantherophis-obsoletus
81bf550daa,thamnophis-sirtalis
37f5ad479e,nerodia-erythrogaster
3c8edae2a4,pantherophis-alleghaniensis
4cb468d415,pantherophis-obsoletus
92e04ca324,thamnophis-sirtalis
11373da95a,agkistrodon-contortrix
6a3bcbcf4a,opheodrys-aestivus
a5f24a2ecc,nerodia-erythrogaster
1edabbc312,opheodrys-aestivus
96aee5ec60,agkistrodon-piscivorus
4598203b0a,crotalus-atrox
6bd8b7a823,crotalus-atrox
54f91fbb3a,pantherophis-guttatus
b9d8bbfa03,agkistrodon-piscivorus
72f1ff130d,pituophis-catenifer
2eccd64667,thamnophis-sirtalis
2546d11351,nerodia-sipedon
b09f1d031b,storeria-occipitomaculata
bd5a29330a,lampropeltis-triangulum
4451e8bf97,pantherophis-obsoletus
86a4573103,thamnophis-proximus
da7212161e,crotalus-atrox
aa1da0bc83,nerodia-sipedon
6e802f864c,thamnophis-sirtalis
8eaa4e8d18,storeria-dekayi
ffa547380d,crotalus-horridus
776bf9c3e7,pantherophis-obsoletus
f6058731c7,heterodon-platirhinos
3137a9d8f4,pantherophis-obsoletus
c5eda48da7,pantherophis-alleghaniensis
23e13b5ba3,thamnophis-sirtalis
c264755582,storeria-occipitomaculata
958f27ae53,thamnophis-sirtalis
f1ce7a658c,heterodon-platirhinos
897932c055,agkistrodon-piscivorus
a17470a422,pituophis-catenifer
f756da9b22,thamnophis-sirtalis
83f99d01b7,pantherophis-guttatus
1c097f3bb5,pantherophis-obsoletus
638716b738,agkistrodon-contortrix
74772031c5,pantherophis-obsoletus
94f3aa78e0,pituophis-catenifer
c0f734db4f,haldea-striatula
4f9c43f59c,diadophis-punctatus
1b32d18277,opheodrys-aestivus
2145486df9,storeria-dekayi
9e779ef62b,thamnophis-sirtalis
caa85de8a4,pantherophis-vulpinus
dab850c45f,agkistrodon-piscivorus
326a993691,rhinocheilus-lecontei
1a313e58c0,pantherophis-obsoletus
eacde65a87,crotalus-atrox
16ef599310,thamnophis-sirtalis
a1a1d8f4d3,lampropeltis-triangulum
b66574f0cb,agkistrodon-piscivorus
dadd875c98,thamnophis-sirtalis
35f3e07f8a,pantherophis-obsoletus
35b25084a8,storeria-dekayi
5be6313607,pantherophis-alleghaniensis
5e4b3549cb,pituophis-catenifer
14af77c260,pantherophis-obsoletus
a3ffe15ad1,thamnophis-sirtalis
fcf5b7e439,pituophis-catenifer
510f5e1945,agkistrodon-piscivorus
99d309ee88,crotalus-atrox
c5ba6d87e2,storeria-dekayi
0a00cdd2b8,rhinocheilus-lecontei
9e10b0843c,agkistrodon-piscivorus
9818345fa3,agkistrodon-contortrix
424b8caccf,pantherophis-obsoletus
291cd9c481,crotalus-ruber
0c02a2f5d7,lampropeltis-californiae
3393c3a6eb,heterodon-platirhinos
18e8e49c6a,storeria-dekayi
45245a5e5a,thamnophis-sirtalis
13696d31fb,thamnophis-radix
41e720d7de,pantherophis-emoryi
40303088fa,diadophis-punctatus
67d1d73480,nerodia-erythrogaster
4e3e773484,crotalus-atrox
7517bb0623,storeria-dekayi
559133de50,thamnophis-sirtalis
9ae22849c1,lampropeltis-triangulum
c5ff38ff68,crotalus-scutulatus
71e572d33f,thamnophis-sirtalis
332e5c6785,crotalus-atrox
6003bbcbf9,pantherophis-obsoletus
5c17e68b40,lampropeltis-triangulum
bad9a60677,thamnophis-sirtalis
209b809200,storeria-dekayi
f2b9362dd4,crotalus-scutulatus
8de60975b5,lampropeltis-triangulum
8add8bfac9,pituophis-catenifer
0d5c403d38,nerodia-sipedon
d483f5a5ce,pantherophis-obsoletus
7836689238,coluber-constrictor
724a385d2e,thamnophis-proximus
64e02bed8b,pantherophis-obsoletus
3133cffd8c,storeria-dekayi
ebd7ad9677,crotalus-horridus
fe50e904ff,nerodia-sipedon
7f4df9bad8,thamnophis-sirtalis
b083b3bdfc,crotalus-horridus
5ac813acff,thamnophis-sirtalis
35084d1574,crotalus-horridus
9bbb1238dd,thamnophis-sirtalis
54da60ecca,pantherophis-obsoletus
8139d8a08f,nerodia-sipedon
cf4b998e06,thamnophis-sirtalis
50ff72a201,pantherophis-vulpinus
a0969f71a4,storeria-dekayi
64b71700c0,pantherophis-obsoletus
420c648f8f,coluber-constrictor
b48998dacd,pituophis-catenifer
d6ce6db8ac,lampropeltis-californiae
f359a3a1cb,thamnophis-sirtalis
3e27aded25,thamnophis-sirtalis
9baf0c175d,thamnophis-sirtalis
60cd847169,crotalus-atrox
8cc2b43e73,pantherophis-guttatus
e635e0301a,crotalus-atrox
53ad81ecbf,diadophis-punctatus
bd77bff983,crotalus-atrox
e4b948cde5,thamnophis-sirtalis
7a85d0a38f,lampropeltis-triangulum
6e104122dd,thamnophis-sirtalis
0bd440f886,pituophis-catenifer
cfe48a6766,thamnophis-sirtalis
dea4ad3c5c,crotalus-atrox
a70db3f4e2,crotalus-horridus
73801d11da,pantherophis-obsoletus
91b9c66b6c,crotalus-atrox
7fa218f587,thamnophis-sirtalis
89aac8751e,thamnophis-proximus
ccd99e20ab,pantherophis-guttatus
3d4e749f5c,pantherophis-obsoletus
d981710b5c,storeria-dekayi
52eec0f3fb,pantherophis-obsoletus
7b01622a45,thamnophis-marcianus
d8f3e2543c,agkistrodon-piscivorus
3da58beca1,lampropeltis-californiae
27cc745b4e,lampropeltis-triangulum
19e640cfea,thamnophis-sirtalis
e97ad14aa0,thamnophis-sirtalis
fee6ac0981,thamnophis-sirtalis
7688910bf6,storeria-dekayi
e207f9f8e1,pantherophis-guttatus
38cfa09840,diadophis-punctatus
e8c28b1fa8,diadophis-punctatus
14b9eb3c99,thamnophis-sirtalis
90b9422778,pantherophis-obsoletus
55c6c72734,diadophis-punctatus
1b74b10f63,pantherophis-obsoletus
dbe94ca39f,agkistrodon-piscivorus
2467f2a466,pantherophis-obsoletus
87c3cc64a9,diadophis-punctatus
f4f5dd040b,pantherophis-obsoletus
f32d83944c,lampropeltis-triangulum
de0c5e9a87,pantherophis-obsoletus
aff4a2c922,thamnophis-sirtalis
f96291b278,diadophis-punctatus
c64eb91ae4,pantherophis-obsoletus
2ae2c1199a,thamnophis-sirtalis
c032ab6ee3,crotalus-ruber
33e62ea503,storeria-occipitomaculata
4d5e7f22ae,storeria-dekayi
daa2966222,thamnophis-sirtalis
a5234ec3be,thamnophis-sirtalis
80eead3616,diadophis-punctatus
ade437840f,thamnophis-radix
2db8ff4d4f,nerodia-sipedon
b3b1353fab,pantherophis-alleghaniensis
c449df8761,diadophis-punctatus
59979fbad2,crotalus-atrox
f4698088c6,crotalus-atrox
532b83a570,pantherophis-obsoletus
0e287bd3a4,storeria-dekayi
62a0846a7f,pantherophis-vulpinus
3fc4c2a5e1,pantherophis-obsoletus
4d2299d5dc,lampropeltis-triangulum
416b4750da,pantherophis-obsoletus
dfee6504e3,pituophis-catenifer
bba431d5d4,thamnophis-sirtalis
d50e9b77ce,coluber-constrictor
423c84462d,lampropeltis-californiae
d8854a4d6f,agkistrodon-contortrix
06bfe160bc,pantherophis-obsoletus
b53265ae30,nerodia-sipedon
4f7b14d1e9,agkistrodon-piscivorus
b0e5cdcf65,thamnophis-sirtalis
3d90e98161,thamnophis-sirtalis
385387e75a,pantherophis-obsoletus
a016fbf111,pituophis-catenifer
79d92b5155,diadophis-punctatus
e8556cf2b3,diadophis-punctatus
b68aec61a9,storeria-dekayi
6245275771,pantherophis-obsoletus
9af6f4bbb1,heterodon-platirhinos
e2839b926b,storeria-dekayi
8d2f2c54a1,crotalus-atrox
1e8f52cf8e,crotalus-atrox
c2bfddaefb,opheodrys-aestivus
fcac77e8e3,pantherophis-obsoletus
a6eefff8e9,pituophis-catenifer
48be242050,opheodrys-aestivus
e849f57aaa,pantherophis-obsoletus
75053513e4,thamnophis-sirtalis
0b6092dd9f,pantherophis-obsoletus
f10dbb60ad,crotalus-atrox
6fd275d6f8,pantherophis-obsoletus
7b110332b2,crotalus-atrox
02b5ce8a0d,rhinocheilus-lecontei
e286457476,thamnophis-sirtalis
2fd9e2eee6,lampropeltis-triangulum
b79eb2b0fb,thamnophis-marcianus
f5315a5875,crotalus-atrox
db4493bb17,pantherophis-obsoletus
4ebadc4b4b,thamnophis-marcianus
c98bc697c6,thamnophis-sirtalis
e3c6ba694a,pituophis-catenifer
783481beb0,pituophis-catenifer
f29333e380,thamnophis-sirtalis
c3fb1dacc1,pituophis-catenifer
5b15bac5c2,lampropeltis-californiae
cd0721eb2a,thamnophis-sirtalis
1e2ae139b7,thamnophis-sirtalis
79553e62b3,pantherophis-obsoletus
cdbedb45cd,nerodia-sipedon
ee52483077,heterodon-platirhinos
1fac89750a,pantherophis-obsoletus
86a2ca0b18,heterodon-platirhinos
d3a5b62b1f,thamnophis-sirtalis
5276b71b91,storeria-dekayi
eff565b0e9,thamnophis-proximus
a0853d1197,opheodrys-aestivus
38782ebfe4,thamnophis-sirtalis
a16e3dec1e,agkistrodon-contortrix
223cc7e8a6,crotalus-ruber
fed1568a6c,coluber-constrictor
f2f891850d,thamnophis-marcianus
22580dc310,diadophis-punctatus
4b2040859d,storeria-dekayi
c40f2cf547,lampropeltis-californiae
8a1f773d30,thamnophis-radix
26e77de0d3,nerodia-sipedon
3898d993ce,thamnophis-sirtalis
4c48326692,pantherophis-obsoletus
639ea18f23,storeria-dekayi
6447cbdb15,coluber-constrictor
2fab3b74e1,lampropeltis-californiae
70d03492db,thamnophis-sirtalis
df50ba8c91,lampropeltis-triangulum
e68457fe19,thamnophis-sirtalis
b4ad055b21,lampropeltis-triangulum
f10e985810,thamnophis-sirtalis
ee41d19ab2,crotalus-atrox
5af19d853b,thamnophis-sirtalis
e3e76a3d9c,pantherophis-obsoletus
59bcc84d9c,lampropeltis-triangulum
49cd434b18,crotalus-atrox
ce31772330,thamnophis-sirtalis
08e0a784b9,opheodrys-aestivus
b38fb09f8b,pantherophis-emoryi
1025e29ab7,pantherophis-obsoletus
98e71c5873,pantherophis-obsoletus
ec7956ab61,pantherophis-obsoletus
8221410682,pituophis-catenifer
51ee9e04f0,nerodia-sipedon
96d75bfe8f,natrix-natrix
8601628d1f,thamnophis-sirtalis
3dfa5ad947,thamnophis-sirtalis
affc413c04,agkistrodon-piscivorus
8d0378446f,pantherophis-guttatus
d4575182a3,heterodon-platirhinos
64b48406af,nerodia-sipedon
371a621202,pituophis-catenifer
aef6cdef7f,thamnophis-sirtalis
5767b7291d,lampropeltis-triangulum
bce7024134,agkistrodon-contortrix
1e8ba66e6d,diadophis-punctatus
1cca4dde7e,thamnophis-sirtalis
0497ecfd64,thamnophis-sirtalis
80cd47b8be,opheodrys-aestivus
48470bf29b,diadophis-punctatus
21c06dfcf8,heterodon-platirhinos
a0bce2082d,pantherophis-guttatus
a14372c89f,storeria-dekayi
1a7e4bd4c6,pantherophis-obsoletus
77b61563ed,pantherophis-obsoletus
bbbcedc4c0,nerodia-erythrogaster
baba9a2a38,agkistrodon-contortrix
6fd6c6ccf6,storeria-occipitomaculata
1cef56fb1e,pantherophis-obsoletus
5f6f35c987,crotalus-atrox
d1eb8d51ae,pantherophis-obsoletus
4617ca078b,crotalus-atrox
77b4a4a25c,pituophis-catenifer
c2955c5d83,nerodia-sipedon
67d5a9efbe,thamnophis-sirtalis
0fe9a54c20,agkistrodon-contortrix
5b30be5fe9,crotalus-horridus
6469909eb8,thamnophis-sirtalis
b81a1b1d90,thamnophis-proximus
e2363c1554,crotalus-atrox
0cff3cb843,nerodia-sipedon
1b340371e5,thamnophis-sirtalis
00e8ba3531,storeria-dekayi
dee1e6d310,pantherophis-obsoletus
e264f04ce9,crotalus-horridus
ddd56ba0c0,rhinocheilus-lecontei
c1cbf83f28,crotalus-atrox
13275759e4,pantherophis-obsoletus
d37b0ef11f,pantherophis-obsoletus
898d62255d,rhinocheilus-lecontei
f9bbc7153a,crotalus-horridus
f8ac5953cb,pantherophis-obsoletus
ad9921a2aa,coluber-constrictor
a5f85aab22,pantherophis-obsoletus
c6234d79bb,pantherophis-obsoletus
771f6f3fe6,thamnophis-sirtalis
688b29b043,crotalus-atrox
19ccba64b3,storeria-dekayi
72115baab1,agkistrodon-piscivorus
6becc6093d,pantherophis-obsoletus
7855bae864,opheodrys-aestivus
d50acbddb2,nerodia-sipedon
83899a6b49,diadophis-punctatus
11e97175b8,pantherophis-obsoletus
5980c7a6f7,thamnophis-sirtalis
2d61b82de7,agkistrodon-piscivorus
1f90c834c5,crotalus-horridus
e0474c1be9,crotalus-scutulatus
96dbc2f29b,pantherophis-obsoletus
d1b7d9ba22,lampropeltis-triangulum
fd2f1d3113,thamnophis-proximus
928460dde9,crotalus-atrox
d63c0e9fdc,lampropeltis-californiae
78ed1037b8,pantherophis-obsoletus
b3fe7d062c,pantherophis-obsoletus
9315549d3a,thamnophis-sirtalis
c3bd25298d,storeria-dekayi
8f92043d8f,heterodon-platirhinos
9069355571,thamnophis-sirtalis
a1e486d349,lampropeltis-triangulum
bbaf558ecf,pantherophis-guttatus
516de4c918,pantherophis-obsoletus
3a8c8aa252,crotalus-atrox
44aa210a3e,pituophis-catenifer
64553a6913,thamnophis-proximus
e90ba4331c,thamnophis-sirtalis
11649cec48,thamnophis-sirtalis
c3444151d5,crotalus-atrox
37ee5eb735,pantherophis-alleghaniensis
3f36710eb6,pantherophis-vulpinus
624b2cc236,pantherophis-obsoletus
0c9a05356b,diadophis-punctatus
aa4b3d2785,thamnophis-sirtalis
8a43339a29,pantherophis-guttatus
a11bf6e766,pantherophis-obsoletus
3d1b0e14ff,opheodrys-aestivus
a698472a57,crotalus-atrox
3e733e66de,pituophis-catenifer
7a374981e5,agkistrodon-piscivorus
45bd4f73b1,thamnophis-sirtalis
e17bb727be,rhinocheilus-lecontei
c79bcf2098,agkistrodon-contortrix
1f6403d491,thamnophis-sirtalis
93ad7fe563,opheodrys-aestivus
47e8f1b843,thamnophis-sirtalis
c5c1619dee,storeria-dekayi
ee52b1c3e4,agkistrodon-contortrix
bdfce30128,lampropeltis-californiae
bcfa129e05,thamnophis-sirtalis
c3007e0e16,thamnophis-marcianus
e3e8505f6f,rhinocheilus-lecontei
60c5ab7fe1,nerodia-sipedon
af58bb743b,diadophis-punctatus
eab49156d7,crotalus-atrox
847a278c9a,pituophis-catenifer
22b4344fa1,thamnophis-sirtalis
0297424cbd,thamnophis-sirtalis
e9aac999b1,storeria-dekayi
45df9e533a,pituophis-catenifer
ac57aad226,pantherophis-obsoletus
79b4ba46ed,rhinocheilus-lecontei
890c0055e6,lampropeltis-triangulum
b83e0a56e3,storeria-occipitomaculata
ca0e73a30b,thamnophis-sirtalis
5feb234354,storeria-dekayi
7f8f6794e6,pantherophis-obsoletus
a4c523e2b2,crotalus-horridus
817e074b35,lampropeltis-californiae
7019567057,lampropeltis-triangulum
6fecaaf9f8,crotalus-atrox
1bac862621,rhinocheilus-lecontei
ad72ea0194,crotalus-atrox
58cd93d84d,storeria-dekayi
797bf37edf,thamnophis-sirtalis
6c1f740183,pantherophis-obsoletus
22ee9b9874,rhinocheilus-lecontei
586ba03c24,pantherophis-obsoletus
fec707022c,storeria-dekayi
eab43ca7a3,thamnophis-sirtalis
311d69ffb9,pituophis-catenifer
a45609e2f1,pituophis-catenifer
2b9e221d99,coluber-constrictor
f8b43d780b,pituophis-catenifer
b982fadd00,thamnophis-sirtalis
59cff921b2,pituophis-catenifer
3f304c3d86,agkistrodon-contortrix
d6f1eb568f,crotalus-horridus
0f1924cf80,pantherophis-obsoletus
f5b2a347ff,nerodia-sipedon
dd818fb360,lampropeltis-californiae
e8fe7df5ad,pantherophis-guttatus
cf79767545,opheodrys-aestivus
6f4a0cf636,coluber-constrictor
7cb6fcbad3,crotalus-horridus
9a07607611,diadophis-punctatus
3f63e4612d,pantherophis-obsoletus
e5e4aeeaf7,thamnophis-sirtalis
a3c79fb490,masticophis-flagellum
16fbebdc1f,storeria-dekayi
274e3979b2,rhinocheilus-lecontei
99e9171fcb,nerodia-sipedon
0f0969f7d7,crotalus-horridus
da7acc2a0f,crotalus-atrox
c685ea9df1,thamnophis-sirtalis
6fa95b4e8d,pantherophis-obsoletus
8ce3cee642,pantherophis-obsoletus
86915f6c43,thamnophis-sirtalis
282ce15a59,pantherophis-obsoletus
21b66186b7,lampropeltis-californiae
7f9dafc904,thamnophis-sirtalis
cfcbf6740c,pituophis-catenifer
7391e1f35e,heterodon-platirhinos
ac42c482a2,thamnophis-sirtalis
d400216179,pantherophis-obsoletus
18a1ebef0e,diadophis-punctatus
32fee7fe2c,agkistrodon-piscivorus
bac648289c,crotalus-horridus
6a6723f2d9,thamnophis-sirtalis
e81112e8d1,crotalus-horridus
481f91feb4,thamnophis-sirtalis
d5636c22bd,diadophis-punctatus
25bc9f384d,crotalus-atrox
eaa7edf8dc,nerodia-sipedon
fdb05268b8,lampropeltis-californiae
e7cf15f7c1,storeria-dekayi
3619f16494,pantherophis-obsoletus
7a27082f24,coluber-constrictor
8d98278446,crotalus-horridus
b9d53ffd45,crotalus-atrox
5d6b176f01,thamnophis-marcianus
e97ba49b46,nerodia-sipedon
1e04c22e2f,nerodia-sipedon
790aa417c2,pituophis-catenifer
b58213e015,pituophis-catenifer
042c0fc943,haldea-striatula
47f515dbdc,heterodon-platirhinos
84298633ca,pantherophis-obsoletus
e5a6f90969,crotalus-viridis
93c3acd68a,pantherophis-obsoletus
7cd411e836,nerodia-sipedon
78398b7b6c,crotalus-horridus
59e07d0848,pituophis-catenifer
75b98c6e29,pantherophis-obsoletus
b681aee40c,pantherophis-guttatus
ac8fcab5ba,coluber-constrictor
c68656ee58,thamnophis-sirtalis
a1ae1155b3,masticophis-flagellum
c685e04441,thamnophis-sirtalis
b24743c49c,thamnophis-sirtalis
798c090b10,nerodia-sipedon
ea135d3a89,opheodrys-aestivus
c06284e0af,pantherophis-obsoletus
fe4b15022b,pituophis-catenifer
fbb94e594c,coluber-constrictor
5f7a87f204,thamnophis-sirtalis
ed8e92ecf1,crotalus-atrox
9885c6266a,thamnophis-marcianus
02a78ae220,crotalus-atrox
7b7117f0c1,thamnophis-sirtalis
70355e73f8,heterodon-platirhinos
2fc72ef3f4,crotalus-ruber
5d3e048c96,nerodia-sipedon
25623b3ce6,haldea-striatula
083e3b50fd,crotalus-horridus
0f6b88fcfc,thamnophis-marcianus
91370ed279,pantherophis-obsoletus
7245fe93b9,diadophis-punctatus
9cb7c4fd24,pantherophis-obsoletus
7de50b5bdc,pantherophis-vulpinus
53a5a161de,crotalus-horridus
59fe71d682,pantherophis-alleghaniensis
a8d2967840,storeria-dekayi
3355a69bda,pantherophis-obsoletus
5dbde45405,opheodrys-aestivus
47e66422c8,pituophis-catenifer
adaa93af64,pantherophis-obsoletus
4fadd04098,crotalus-atrox
1be8871524,nerodia-sipedon
ab0cd50587,thamnophis-sirtalis
9b755092e4,pantherophis-obsoletus
1e998306c0,crotalus-atrox
07f075d594,thamnophis-sirtalis
3d35b26c1a,heterodon-platirhinos
071901eca8,lampropeltis-californiae
022d71aae9,rhinocheilus-lecontei
4e8049b6d0,crotalus-atrox
f354b8dfe7,heterodon-platirhinos
f3a74d6ee0,pantherophis-obsoletus
2289e09d6a,rhinocheilus-lecontei
70483cb8ea,nerodia-sipedon
4d53b5cb4d,opheodrys-aestivus
e50bb5978a,storeria-dekayi
48e9e8aff8,coluber-constrictor
213acb4781,rhinocheilus-lecontei
e93cd41190,diadophis-punctatus
7ca16d8c1b,storeria-dekayi
b7fe892e44,crotalus-viridis
374615f6fb,thamnophis-sirtalis
5126df2646,pantherophis-obsoletus
1104584d38,pituophis-catenifer
dff6304429,thamnophis-sirtalis
0c2849a26e,agkistrodon-piscivorus
9d4ce5b72f,pantherophis-obsoletus
a141a881e2,nerodia-erythrogaster
33346242e2,pantherophis-alleghaniensis
0d20d1c1a2,pantherophis-obsoletus
731a90d84c,pantherophis-guttatus
5e4c1c7cc2,crotalus-horridus
9db0bdd59d,opheodrys-aestivus
253843f209,pantherophis-alleghaniensis
e60709d049,opheodrys-aestivus
054a536789,rhinocheilus-lecontei
bf1a3b7b79,diadophis-punctatus
d0612f3e8a,pituophis-catenifer
eebe64532a,pantherophis-obsoletus
79594b42ef,pantherophis-obsoletus
bed81704c1,thamnophis-sirtalis
cbe0b8c85d,pantherophis-obsoletus
5ae808f8fd,lampropeltis-triangulum
5d448c05e1,pantherophis-obsoletus
4d051b9208,thamnophis-sirtalis
88c9cc598c,opheodrys-aestivus
e81c30e876,thamnophis-sirtalis
b9a8b67b16,agkistrodon-contortrix
9dabb5ee25,pantherophis-obsoletus
7ca6b80658,diadophis-punctatus
f60d7f670e,agkistrodon-contortrix
55d9dd5142,agkistrodon-piscivorus
882a08649b,diadophis-punctatus
12fda3c135,pantherophis-obsoletus
8d13d818de,pantherophis-obsoletus
deb68826e6,haldea-striatula
0b5507f2a9,lampropeltis-californiae
6925f4782a,pantherophis-obsoletus
37f32fb0ba,storeria-occipitomaculata
dd832524fa,thamnophis-radix
c1f4d42327,storeria-dekayi
d803830007,nerodia-sipedon
beec8cc1ba,thamnophis-sirtalis
11a5d8337e,pantherophis-obsoletus
f143d212b3,lampropeltis-triangulum
a77509b170,agkistrodon-contortrix
5c3936c628,nerodia-erythrogaster
21deaeaa17,agkistrodon-contortrix
1dcaaad800,storeria-dekayi
484413b8d3,thamnophis-sirtalis
8f25d1fc53,pantherophis-obsoletus
8d63dc0ed6,thamnophis-proximus
c85a468e26,storeria-dekayi
ba083e8689,pituophis-catenifer
f99d915b6b,lampropeltis-triangulum
855bd99878,pituophis-catenifer
2266898888,nerodia-fasciata
46058d8161,pantherophis-alleghaniensis
c6a13f622c,pantherophis-obsoletus
e0ed8038c6,storeria-dekayi
4c11e184fd,nerodia-sipedon
12e603532f,diadophis-punctatus
5180638e96,pantherophis-obsoletus
b04dd2adec,lampropeltis-triangulum
7066af3e95,agkistrodon-piscivorus
dfbfdc7fec,pantherophis-alleghaniensis
cfb3f52655,crotalus-atrox
a294303eeb,nerodia-sipedon
f7358c1693,thamnophis-sirtalis
9be3399776,opheodrys-aestivus
7eab2c68bb,crotalus-atrox
2a95741853,lampropeltis-californiae
d5b1906aa1,heterodon-platirhinos
436330dda2,lampropeltis-californiae
d20b9db32d,thamnophis-sirtalis
7aed34b899,storeria-dekayi
65406d36a7,nerodia-rhombifer
f4853bcc67,thamnophis-radix
c2719ab3f2,coluber-constrictor
4d8f022e07,crotalus-atrox
6ef01917c6,crotalus-atrox
fae66dee74,pantherophis-obsoletus
c1acdf0a74,diadophis-punctatus
3ded70d7c3,pantherophis-obsoletus
83ab914a6d,opheodrys-aestivus
fdbb06d2b0,crotalus-atrox
29c12aa50b,pantherophis-obsoletus
f4402d15f7,storeria-occipitomaculata
b1d252ae26,pantherophis-guttatus
e12901072d,pantherophis-obsoletus
d495120d71,thamnophis-sirtalis
4380a651bf,nerodia-sipedon
0dca38a9c9,storeria-dekayi
c0575f37ac,crotalus-ruber
85bbb1d3fc,crotalus-horridus
047788a264,nerodia-sipedon
cf6a306170,storeria-dekayi
3c187495d8,thamnophis-marcianus
93c4e94fba,thamnophis-sirtalis
a86943e07b,crotalus-horridus
c09b16ca15,nerodia-sipedon
9b478155ac,thamnophis-sirtalis
fdce965a85,storeria-dekayi
b86a0e9749,diadophis-punctatus
72e92d074b,pantherophis-alleghaniensis
442a001933,thamnophis-sirtalis
f9ac703430,storeria-occipitomaculata
f41723b2b7,thamnophis-sirtalis
9b4ad29201,diadophis-punctatus
0e7368ddf1,thamnophis-sirtalis
b5905be265,pantherophis-obsoletus
af55a93714,pituophis-catenifer
b8022114ff,lampropeltis-triangulum
6869daa30d,pantherophis-obsoletus
f6826f3a44,nerodia-sipedon
d846222a27,thamnophis-sirtalis
8d8b41be92,coluber-constrictor
f5055dad14,storeria-dekayi
f5464b6c4d,pantherophis-obsoletus
df783face0,thamnophis-sirtalis
5366409cc9,thamnophis-sirtalis
20070bf8e0,heterodon-platirhinos
a8ae4b2cc4,storeria-dekayi
ebbfcc7256,thamnophis-sirtalis
e0af3ec1dc,opheodrys-aestivus
f8c29af6a4,pantherophis-obsoletus
51aeb208e1,thamnophis-sirtalis
4892a7b03e,pantherophis-obsoletus
30d3a273c1,thamnophis-radix
9dea0393b2,pituophis-catenifer
5b06a39081,pantherophis-guttatus
9acd404c7b,crotalus-atrox
b6467c0d86,crotalus-atrox
ad18b657f0,pantherophis-obsoletus
fdf6135552,thamnophis-radix
1af0a36d6c,pantherophis-obsoletus
547f6b9455,pantherophis-obsoletus
bb222ddaa9,lampropeltis-californiae
3e53802c11,crotalus-atrox
44be6183a7,storeria-dekayi
c73c3c3b9b,thamnophis-sirtalis
f519f23157,crotalus-ruber
1e56fb5139,nerodia-sipedon
b4699a9c84,diadophis-punctatus
c25b2a530d,pantherophis-obsoletus
c0c6aa8b10,rhinocheilus-lecontei
88608b60c6,thamnophis-sirtalis
1e416f3e13,storeria-dekayi
40988857ce,nerodia-sipedon
0c89d31702,pantherophis-obsoletus
ed26fe7996,pantherophis-guttatus
94fe7ff244,thamnophis-sirtalis
46ee76ccb8,pantherophis-obsoletus
d65c2dc896,thamnophis-sirtalis
b0ebe0ec7c,storeria-occipitomaculata
b976cbbc89,agkistrodon-contortrix
8ba809dab1,lampropeltis-triangulum
375696a37f,diadophis-punctatus
9db974a233,crotalus-atrox
31b15b7404,thamnophis-proximus
8d33851a8b,thamnophis-sirtalis
17b3968ced,pantherophis-obsoletus
92dc510a40,opheodrys-aestivus
512fc9e23c,lampropeltis-triangulum
d3a15518ac,agkistrodon-contortrix
606b454ea5,crotalus-scutulatus
9e8f1195b3,crotalus-atrox
9b09290d21,lampropeltis-triangulum
143df6c4aa,agkistrodon-piscivorus
db06bafc17,pantherophis-obsoletus
090abdc8b8,nerodia-sipedon
ed7b95d537,storeria-dekayi
ebdbb4edfa,diadophis-punctatus
e51bebd7ce,thamnophis-sirtalis
65faa9df15,pantherophis-obsoletus
7cf1559b96,nerodia-sipedon
809a0a209e,thamnophis-sirtalis
14a0397527,pantherophis-obsoletus
db945af48b,thamnophis-marcianus
3338b33890,pantherophis-obsoletus
c3f5e146ba,nerodia-sipedon
722b6323ec,thamnophis-sirtalis
4a6b1852d0,thamnophis-sirtalis
9a73a81dff,crotalus-ruber
44e2cc78d3,thamnophis-sirtalis
e36fa6f2e6,pantherophis-obsoletus
37701846eb,opheodrys-aestivus
c4804cb27f,thamnophis-sirtalis
2f774a0168,pituophis-catenifer
477737deba,thamnophis-sirtalis
684a7b08ae,agkistrodon-contortrix
aadfad28f5,lampropeltis-californiae
2847d4e56d,pantherophis-obsoletus
2e9f1674bc,lampropeltis-triangulum
385ea02927,storeria-dekayi
aaa615d84a,heterodon-platirhinos
4a56a9830a,nerodia-sipedon
add4ded433,pantherophis-obsoletus
86cb5618f9,thamnophis-sirtalis
8e1be27f76,pantherophis-vulpinus
41de4add86,pantherophis-obsoletus
618148c93a,thamnophis-sirtalis
94384b64ee,pantherophis-obsoletus
98ca8e97e3,pantherophis-obsoletus
58a809a5da,heterodon-platirhinos
c82b0038fb,thamnophis-sirtalis
3e948e13ad,pantherophis-obsoletus
b77fbe5457,lampropeltis-triangulum
5ea87a2f3d,heterodon-platirhinos
3aaaeb3001,lampropeltis-triangulum
855792de01,pantherophis-guttatus
a4936afac4,pantherophis-obsoletus
68570123d7,thamnophis-sirtalis
ab501eeaa1,nerodia-sipedon
fa68e6c437,thamnophis-sirtalis
b78234966e,thamnophis-sirtalis
d8989a7ebd,thamnophis-sirtalis
de9b02c30b,diadophis-punctatus
8d02041d76,pantherophis-guttatus
924799e3f4,thamnophis-sirtalis
9a78bc503d,crotalus-atrox
fe652f12b4,crotalus-atrox
ff8781cb80,thamnophis-sirtalis
c41ed9c05b,pantherophis-obsoletus
3024fa18e5,lampropeltis-californiae
488901ecd7,storeria-dekayi
3bbdab923c,heterodon-platirhinos
08a0158c25,pituophis-catenifer
3563d17587,heterodon-platirhinos
50281e1d1d,pituophis-catenifer
a28a1a35a7,lampropeltis-triangulum
8161449847,lampropeltis-californiae
b9179ad8ed,pantherophis-obsoletus
aeeb16bfec,heterodon-platirhinos
2c983824a0,crotalus-atrox
8481649aee,thamnophis-sirtalis
20f14eedb1,heterodon-platirhinos
341d33701d,crotalus-ruber
df0fb047d2,thamnophis-sirtalis
4228389f4b,lampropeltis-triangulum
0ce760d438,crotalus-ruber
7d316f0c9d,thamnophis-sirtalis
d98003bb75,coluber-constrictor
4f39265344,opheodrys-aestivus
012154c583,pantherophis-obsoletus
cfa7ab3db8,diadophis-punctatus
5ac4d84b46,crotalus-atrox
a1d9f93887,pantherophis-obsoletus
4fa2f1b008,thamnophis-sirtalis
b45b7e4c81,storeria-dekayi
786ba4ba4b,thamnophis-sirtalis
31614aea45,lampropeltis-californiae
d111dafe36,heterodon-platirhinos
c2608c8551,thamnophis-sirtalis
cc7b9bd6ed,diadophis-punctatus
9582dbeb27,pantherophis-obsoletus
1e665d3a05,agkistrodon-piscivorus
50d38f3707,thamnophis-sirtalis
79818ed7bd,lampropeltis-californiae
13ebc1770d,crotalus-horridus
92643765f4,nerodia-erythrogaster
c5b4577265,crotalus-atrox
46e4512b8e,pantherophis-obsoletus
79e5a876ae,agkistrodon-piscivorus
eda032e523,thamnophis-sirtalis
0fd905ded1,storeria-dekayi
ef82006232,lampropeltis-triangulum
4b823fb6b9,nerodia-erythrogaster
c71ddedbd6,thamnophis-sirtalis
8ab088c8fe,nerodia-sipedon
2a686ef996,pantherophis-emoryi
44827e0c96,crotalus-ruber
c3c66a42cd,pantherophis-alleghaniensis
97a2c7ecb7,opheodrys-aestivus
68f05a3a85,diadophis-punctatus
d67f206f3d,pantherophis-guttatus
1b9dd02d06,thamnophis-sirtalis
7cead4b1c3,thamnophis-sirtalis
785a849ff5,crotalus-atrox
02fa6b3ee5,coluber-constrictor
87318c3aca,pantherophis-obsoletus
bb4b7c9f3b,nerodia-sipedon
647d580a8c,storeria-dekayi
c28fa93914,pituophis-catenifer
1d6504604f,thamnophis-sirtalis
b960c924af,thamnophis-sirtalis
95f24f6dbf,pantherophis-obsoletus
144981a319,crotalus-atrox
c5843ff6bc,storeria-dekayi
3981bb53f1,heterodon-platirhinos
8cb6eebb38,storeria-occipitomaculata
8111c15451,coluber-constrictor
0dddf76dfe,coluber-constrictor
5421f5b6ca,thamnophis-sirtalis
f2d94b49ca,thamnophis-sirtalis
76cdffaffb,pantherophis-alleghaniensis
46a6a306fc,pantherophis-obsoletus
2b6245d77b,opheodrys-aestivus
c47c82122f,storeria-dekayi
c04ef971c2,pantherophis-obsoletus
d112dcec1e,pantherophis-obsoletus
6c78d9c8ce,thamnophis-sirtalis
1d3c4f7d2f,thamnophis-sirtalis
9c88832a7a,storeria-occipitomaculata
0cc412b743,storeria-dekayi
813751c7fe,thamnophis-sirtalis
fba47323dd,agkistrodon-contortrix
4733a797e4,pantherophis-alleghaniensis
811119a90b,nerodia-sipedon
0d08d8becf,thamnophis-sirtalis
f3bdc27db9,thamnophis-sirtalis
bbe79f4604,pantherophis-obsoletus
d5fb0f6816,pituophis-catenifer
f94be71c7a,storeria-dekayi
4a247becfb,opheodrys-aestivus
89a8cb0e76,storeria-occipitomaculata
ef54757e06,pantherophis-obsoletus
da8f5e5486,thamnophis-radix
386f649b46,thamnophis-proximus
ef07005750,lampropeltis-triangulum
33c33c3665,lampropeltis-triangulum
d919c074ed,storeria-dekayi
343d7275b2,storeria-dekayi
1794be2478,thamnophis-sirtalis
038eefc633,pantherophis-obsoletus
033c590985,lampropeltis-californiae
1288525568,nerodia-sipedon
3b0596bd51,agkistrodon-contortrix
84191bfd5a,pantherophis-obsoletus
11660a3b49,pantherophis-guttatus
b5b4689c0d,thamnophis-sirtalis
6bc53a3ab8,heterodon-platirhinos
c095ab66df,crotalus-atrox
6f44735f58,heterodon-platirhinos
2f3f358d43,diadophis-punctatus
da3f1c4d6e,pantherophis-vulpinus
0b975a80ed,crotalus-atrox
e27ca7d445,lampropeltis-californiae
14c1f66246,thamnophis-sirtalis
69d4b15fd1,lampropeltis-triangulum
657cdeaa72,pantherophis-obsoletus
5b356b946f,pantherophis-obsoletus
8b2bbb9546,crotalus-atrox
2b8b168c61,pituophis-catenifer
e3654cac52,lampropeltis-californiae
65683b5376,thamnophis-sirtalis
fc4dbc6d5d,haldea-striatula
3dccd63a1c,pantherophis-obsoletus
25891d7e28,crotalus-atrox
7d47015e7f,crotalus-atrox
451a823673,thamnophis-sirtalis
d930d37135,pantherophis-obsoletus
b937924469,lampropeltis-californiae
ad64e08277,crotalus-atrox
19bd628df5,thamnophis-sirtalis
f247f88b68,pantherophis-obsoletus
ba00658f4c,diadophis-punctatus
68722a30ea,heterodon-platirhinos
36beae29d4,pantherophis-guttatus
ce8b6913f4,agkistrodon-piscivorus
fbf220a77a,pantherophis-obsoletus
5cb1e2553b,crotalus-atrox
992f8823fb,opheodrys-aestivus
c10ff40811,thamnophis-sirtalis
b1d492d342,thamnophis-proximus
713804346e,thamnophis-sirtalis
1c54dbdb06,thamnophis-sirtalis
db28e1151c,storeria-occipitomaculata
162a7cdf2a,pantherophis-emoryi
e9d344e301,lampropeltis-triangulum
8610476c82,pantherophis-obsoletus
054481ab8f,thamnophis-proximus
881fd4dc15,thamnophis-sirtalis
01bc7841f0,coluber-constrictor
11f0e3c25b,crotalus-atrox
68642c8410,lampropeltis-triangulum
b73f6347cd,lampropeltis-californiae
b3452f1934,thamnophis-sirtalis
963998afb6,crotalus-atrox
6dbd0674dd,coluber-constrictor
7ed1337bff,haldea-striatula
55e04b0100,crotalus-ruber
a8827df7c1,pituophis-catenifer
1f393e851f,storeria-dekayi
54d2fa2eda,thamnophis-sirtalis
d93873fdb7,diadophis-punctatus
bf1a6aa6aa,thamnophis-sirtalis
7c63285d95,crotalus-atrox
ce17bee7ea,thamnophis-sirtalis
fa0e46865e,crotalus-atrox
c2ad7b1b76,nerodia-erythrogaster
6dea60b535,storeria-dekayi
73bda1efb3,pituophis-catenifer
0a92678115,lampropeltis-triangulum
8bb0c18e00,thamnophis-sirtalis
15f4557735,thamnophis-sirtalis
72d0f049bf,crotalus-atrox
f35100aade,agkistrodon-contortrix
d44c8d5314,pantherophis-obsoletus
0fa9fc3183,agkistrodon-piscivorus
c484be18d6,thamnophis-sirtalis
d6279d9ecd,thamnophis-sirtalis
a1c21d6672,pantherophis-spiloides
bde7c1f5cc,nerodia-rhombifer
e1dce31f83,thamnophis-sirtalis
227ad5b05c,pantherophis-alleghaniensis
b830d5dbe5,agkistrodon-piscivorus
ccb79ed307,thamnophis-sirtalis
fef6cec454,thamnophis-sirtalis
b9509d1721,thamnophis-sirtalis
6f3af7373d,pantherophis-obsoletus
57db3594db,nerodia-sipedon
2472af6c57,pantherophis-obsoletus
bd43b49990,lampropeltis-californiae
64b358a9bb,opheodrys-aestivus
a59422c281,pituophis-catenifer
6cbc15a33e,nerodia-sipedon
48a78ec539,coluber-constrictor
ec24a7dba0,lampropeltis-californiae
49734a6ebf,heterodon-platirhinos
01008992e9,thamnophis-sirtalis
11790d01c8,thamnophis-sirtalis
40b8fc0e84,thamnophis-sirtalis
14b51564a5,storeria-occipitomaculata
5a7b351a60,thamnophis-sirtalis
2a7b6c5b9c,thamnophis-sirtalis
26cab4eb5c,coluber-constrictor
f03aa5df7a,pantherophis-obsoletus
b19e082892,pantherophis-obsoletus
cb82fa561f,heterodon-platirhinos
902a71bf05,pantherophis-obsoletus
7bf3a6739b,coluber-constrictor
8a604f1ddc,thamnophis-sirtalis
7f926d3284,nerodia-rhombifer
96958ebf1b,nerodia-sipedon
9886f29ea0,pituophis-catenifer
a151d5bd1d,pituophis-catenifer
601a036889,crotalus-atrox
ace74db921,crotalus-atrox
f92fe5e5b0,pantherophis-obsoletus
49f08ece45,thamnophis-sirtalis
b8c09adadc,thamnophis-sirtalis
8b704e36a2,pantherophis-obsoletus
3fd328c40e,thamnophis-sirtalis
07a1325194,pantherophis-obsoletus
559a737051,pantherophis-obsoletus
9784892755,storeria-dekayi
6b1f376295,nerodia-sipedon
2e0d21aede,pituophis-catenifer
4cb6776f57,pantherophis-obsoletus
dad51cd1dd,pituophis-catenifer
160ff28e12,storeria-dekayi
ac2b560e59,diadophis-punctatus
80960684df,storeria-dekayi
dda7fe77cf,thamnophis-radix
41b6e2b209,crotalus-atrox
4e786381ff,heterodon-platirhinos
e6f6b08dc0,thamnophis-sirtalis
39ae08a8a2,pituophis-catenifer
07ad933b01,coluber-constrictor
ab72fae277,crotalus-atrox
17b254d95e,pituophis-catenifer
d0a8efe351,thamnophis-sirtalis
ccf22994e8,crotalus-atrox
dc912c11c4,coluber-constrictor
cd41d47965,pantherophis-obsoletus
c73f697001,pantherophis-obsoletus
bf0251ff3c,pantherophis-obsoletus
42649255bc,thamnophis-sirtalis
293259d508,heterodon-platirhinos
4cc20d0bc8,thamnophis-sirtalis
8fabf4c798,lampropeltis-californiae
5d0faf4c7b,pantherophis-obsoletus
e739a016b4,pantherophis-obsoletus
222f09d68c,thamnophis-sirtalis
a4bf73e176,opheodrys-aestivus
b137ef058f,pantherophis-obsoletus
c1039f5273,lampropeltis-triangulum
b8c8491cb6,pantherophis-obsoletus
ee31dcdf27,storeria-dekayi
718bc14e1a,thamnophis-sirtalis
67fea1ff7d,thamnophis-radix
e801ee6840,thamnophis-sirtalis
8d2b02a4b8,rhinocheilus-lecontei
1fff5a46d7,pantherophis-obsoletus
045f997c55,thamnophis-sirtalis
c724879503,thamnophis-sirtalis
ceb38802d8,thamnophis-sirtalis
f54c8489c0,crotalus-atrox
8a1aa78cda,pantherophis-obsoletus
a89830d58e,pantherophis-obsoletus
857c430acc,thamnophis-sirtalis
727d39c386,pantherophis-obsoletus
e46e1ff177,crotalus-horridus
ff36f08f54,thamnophis-sirtalis
42b9ebe601,nerodia-rhombifer
6c2e15cfe3,thamnophis-sirtalis
b0b4a61772,thamnophis-radix
c08388a48f,lampropeltis-triangulum
bbfba08e73,pantherophis-obsoletus
8d52547e5f,masticophis-flagellum
34e6afb98b,nerodia-sipedon
5d82166868,thamnophis-sirtalis
991a9dbcb3,thamnophis-marcianus
e0b2962c83,crotalus-atrox
57050111e0,pantherophis-obsoletus
559ed5ed62,rhinocheilus-lecontei
cfa6f0c0ea,pantherophis-guttatus
68ffd2a53a,coluber-constrictor
b9afe1d694,agkistrodon-contortrix
03e5159380,nerodia-erythrogaster
7b9765dd01,lampropeltis-californiae
5b1613f007,coluber-constrictor
a48ae72b05,haldea-striatula
55558305ba,lampropeltis-triangulum
895249fbf8,agkistrodon-piscivorus
3dcee426bd,nerodia-sipedon
0dffc5dc0a,crotalus-atrox
fbda0ff664,lampropeltis-californiae
47241a7a2f,nerodia-sipedon
d417d4f631,thamnophis-sirtalis
23ad837e57,agkistrodon-contortrix
6f2c9b0a8e,heterodon-platirhinos
a01abc8b06,thamnophis-marcianus
c6ca718826,crotalus-horridus
ab888375df,lampropeltis-californiae
2b1db1ded4,pantherophis-obsoletus
fd6832ac73,coluber-constrictor
485a5b3419,pantherophis-obsoletus
aedeb630da,thamnophis-sirtalis
09f01bb907,lampropeltis-californiae
a763ba3648,thamnophis-proximus
dc5f2f060a,opheodrys-aestivus
dd01683edc,pituophis-catenifer
e931b94a50,thamnophis-sirtalis
fa58c0f04f,pantherophis-obsoletus
e2c8b01054,crotalus-horridus
15ddd7bca3,thamnophis-elegans
f00a203827,lampropeltis-californiae
1cc583c86f,pituophis-catenifer
8ae15dfb92,pantherophis-obsoletus
71150f768b,opheodrys-aestivus
0823016b69,crotalus-viridis
d21d7e61ca,storeria-dekayi
063269761f,thamnophis-sirtalis
700d8ecd83,pantherophis-vulpinus
4d2a67a53b,storeria-occipitomaculata
3292dbb525,pantherophis-obsoletus
207bea7c2e,rhinocheilus-lecontei
f47788339e,pantherophis-guttatus
79104dbf66,nerodia-sipedon
42378b3f2f,thamnophis-marcianus
2a44495fb7,lampropeltis-californiae
3e2ea403b2,rhinocheilus-lecontei
f7e249aed9,storeria-dekayi
b92b1aedcc,rhinocheilus-lecontei
e1d6453f2b,thamnophis-sirtalis
cceb5470db,pantherophis-obsoletus
8486c55d6c,storeria-occipitomaculata
a0dd47833b,thamnophis-sirtalis
1e056656bf,thamnophis-sirtalis
0b739e266e,pituophis-catenifer
0394781976,thamnophis-sirtalis
13d58ec6aa,agkistrodon-contortrix
860bb58cdf,crotalus-atrox
9f6fd47396,thamnophis-sirtalis
295ab7d70f,opheodrys-aestivus
e0e5b99f06,diadophis-punctatus
af99899112,pantherophis-alleghaniensis
a2d253f06d,pantherophis-obsoletus
db517bd3e6,agkistrodon-piscivorus
6c5e01ce28,thamnophis-marcianus
ad94af4567,crotalus-horridus
a45fc803c9,thamnophis-radix
bfae6bd6d5,pituophis-catenifer
688b2608c8,pantherophis-obsoletus
3aedf03b93,opheodrys-aestivus
2988f6b14e,thamnophis-sirtalis
22533e6b71,pantherophis-vulpinus
ff7735def6,thamnophis-sirtalis
292607026b,pituophis-catenifer
3ccb420d0c,crotalus-atrox
13a059d87a,nerodia-sipedon
3c083b4590,nerodia-rhombifer
2cefdedb33,storeria-dekayi
a60ce6d077,nerodia-rhombifer
5bb72556f9,pantherophis-obsoletus
9ebfc32ad0,nerodia-sipedon
f962e3439e,diadophis-punctatus
1930c4ef59,pantherophis-obsoletus
36ff5e2a56,crotalus-atrox
17f7991a24,thamnophis-sirtalis
e2852dfcc2,coluber-constrictor
cac1cf0907,opheodrys-aestivus
6bc32ee53e,pantherophis-obsoletus
6fcc4ea871,pantherophis-obsoletus
b4d280970e,nerodia-sipedon
c0062f2cd3,storeria-dekayi
1debbd0daa,storeria-occipitomaculata
9e7a2e94c4,storeria-dekayi
b688c60e29,storeria-dekayi
9315a4a9e9,thamnophis-sirtalis
fb5fc3ff56,lampropeltis-triangulum
87608051e5,thamnophis-sirtalis
b99098909e,thamnophis-sirtalis
47a8ec4f3e,crotalus-atrox
bd95ef304d,haldea-striatula
9b07f3eacf,crotalus-atrox
3412a66683,haldea-striatula
867f2ef9d9,lampropeltis-triangulum
5b4838e1e5,nerodia-fasciata
6ca03f6d63,opheodrys-aestivus
3f59a08941,nerodia-sipedon
91fb4fb5e5,pantherophis-obsoletus
825908cce1,crotalus-atrox
9d0d36b4b2,thamnophis-sirtalis
a869568b74,crotalus-atrox
4bb31fa285,nerodia-sipedon
8b8357c908,opheodrys-aestivus
452124f26d,thamnophis-sirtalis
820f329919,thamnophis-sirtalis
662449a569,pantherophis-vulpinus
2cb9a689f8,storeria-dekayi
ac132f5934,pantherophis-emoryi
55c5a2a0bb,lampropeltis-triangulum
77cdc9894e,pantherophis-obsoletus
b0669937f2,thamnophis-sirtalis
416e8f5071,lampropeltis-triangulum
044b47bb18,thamnophis-marcianus
b11275c440,pantherophis-guttatus
6d644b2b27,pantherophis-obsoletus
fe3fe692d4,crotalus-atrox
57ef22b097,crotalus-atrox
d9fca7fbeb,crotalus-atrox
f3ecca6910,storeria-dekayi
2004e8fe2c,pantherophis-obsoletus
5ed983ebe4,lampropeltis-triangulum
0ce29ac201,opheodrys-aestivus
3327333217,heterodon-platirhinos
ba126f9814,pantherophis-obsoletus
58a86e1fbc,pantherophis-obsoletus
ce51028899,crotalus-atrox
a075ddf05c,crotalus-horridus
27fe381477,pantherophis-obsoletus
5fa87ae1fc,heterodon-platirhinos
b5293b81b0,crotalus-atrox
5653096047,heterodon-platirhinos
37503e8da9,crotalus-atrox
aee44249a7,pantherophis-obsoletus
15003d8072,thamnophis-sirtalis
26ea706d87,thamnophis-sirtalis
b107b5bfec,crotalus-atrox
e2fcddeb52,crotalus-horridus
3abfa44d66,thamnophis-sirtalis
575fd1acd4,heterodon-platirhinos
4e595ab339,thamnophis-sirtalis
eaedb4aeea,crotalus-atrox
f26b948e46,agkistrodon-contortrix
9f10e1116b,thamnophis-sirtalis
da3f536aeb,pantherophis-obsoletus
14265d230f,lampropeltis-californiae
87403ef53d,opheodrys-aestivus
b6ffe43c55,thamnophis-sirtalis
75ebbc0cd3,opheodrys-aestivus
b1e89ad24e,thamnophis-sirtalis
56c9e212e1,crotalus-atrox
c375eaa47c,thamnophis-sirtalis
9d60408184,thamnophis-sirtalis
7c700cba7a,pantherophis-obsoletus
4846c2ff38,pantherophis-obsoletus
cca13460db,pantherophis-obsoletus
ace4428288,crotalus-atrox
f93b01cf67,haldea-striatula
381cd1d7b0,lampropeltis-triangulum
30e4144ba5,pantherophis-obsoletus
c96674a57e,agkistrodon-contortrix
b5fa9c891c,coluber-constrictor
857dc26592,nerodia-sipedon
a76c44bb89,thamnophis-sirtalis
82e701f9a7,crotalus-horridus
9e2d9ab3e2,storeria-dekayi
a8ea06d10f,pituophis-catenifer
594cc3fd5a,agkistrodon-contortrix
66533f8fc8,agkistrodon-contortrix
393100f69f,nerodia-sipedon
be611db16b,thamnophis-sirtalis
e5a3e55619,heterodon-platirhinos
ab227abef4,storeria-occipitomaculata
f89b383858,thamnophis-sirtalis
bc050ff130,nerodia-sipedon
56c75093dd,pantherophis-obsoletus
63da8e83a5,crotalus-horridus
ccd7709ba8,pituophis-catenifer
624a6c0459,thamnophis-sirtalis
f6f493238e,pantherophis-obsoletus
8ea489d2ec,thamnophis-sirtalis
4414687ddb,thamnophis-sirtalis
16768932e7,nerodia-sipedon
4c3eb5bfb1,storeria-dekayi
29da4e905f,thamnophis-sirtalis
3e77a414cf,thamnophis-sirtalis
480178afdb,opheodrys-aestivus
da1aeaec34,pantherophis-obsoletus
f9d30e7c25,thamnophis-sirtalis
6c8893e5b9,heterodon-platirhinos
fcb8d0382d,pantherophis-obsoletus
5ede340e32,pantherophis-obsoletus
d1ef8c5ebe,crotalus-ruber
20c98b7d75,heterodon-platirhinos
a32ca206e4,opheodrys-aestivus
b14024890c,heterodon-platirhinos
eadd4b193b,storeria-dekayi
1309de6784,pantherophis-guttatus
8c0ecbc291,thamnophis-sirtalis
86be30154b,pantherophis-obsoletus
9cb8de814e,pantherophis-obsoletus
5f255f8a6f,pantherophis-obsoletus
d6ed42c50b,crotalus-atrox
6ffd88def2,crotalus-atrox
348d974fa5,thamnophis-radix
6ff13e6eb6,storeria-dekayi
d441752d22,nerodia-rhombifer
d582a92123,nerodia-fasciata
fa6146a028,thamnophis-sirtalis
35a1801b68,lampropeltis-californiae
9ecc4721bf,crotalus-atrox
7be7d952f8,nerodia-sipedon
d58eda8969,pantherophis-obsoletus
998a1cbe5a,thamnophis-sirtalis
2f28b83984,storeria-dekayi
54126ca78d,thamnophis-sirtalis
d47dbad6f9,thamnophis-marcianus
b70ed6998c,pantherophis-obsoletus
351a52d327,thamnophis-sirtalis
66c69c2d1a,opheodrys-aestivus
e09b662bd5,storeria-dekayi
f457c263c5,pantherophis-guttatus
1996c3c0a0,pituophis-catenifer
80c77ea095,pantherophis-obsoletus
8fea7a6f67,heterodon-platirhinos
e496c7ae34,pituophis-catenifer
c33c94bd3d,thamnophis-sirtalis
356311d35c,crotalus-scutulatus
00fefc891d,crotalus-ruber
4d8e2d733d,pantherophis-guttatus
8b16f8a4e1,storeria-dekayi
c606bb7282,thamnophis-sirtalis
07265abede,thamnophis-sirtalis
b5171d3348,pantherophis-obsoletus
00a3b82892,thamnophis-marcianus
e9b38ba43f,thamnophis-sirtalis
27046a7f7d,opheodrys-aestivus
325e2a718c,opheodrys-aestivus
bd3de164e8,thamnophis-sirtalis
05bbc5070b,thamnophis-sirtalis
fe4bdf4f63,crotalus-atrox
f4459bc74a,diadophis-punctatus
77dd465e89,crotalus-atrox
9db61dea8b,pantherophis-guttatus
d66c3f3d34,lampropeltis-triangulum
986467ee6d,lampropeltis-triangulum
bc055cfcf1,storeria-dekayi
febc601a64,crotalus-horridus
4fb62fe5f4,pantherophis-obsoletus
5c0dcbb923,pituophis-catenifer
e405656b1b,storeria-dekayi
89ac32a56d,thamnophis-radix
e037e771c3,storeria-dekayi
dd13ef5784,thamnophis-sirtalis
f5f14dcdd2,nerodia-sipedon
7d40454b7b,crotalus-horridus
cbe325ab91,pantherophis-obsoletus
8b8f0dd5e6,pantherophis-obsoletus
fc58e19ca0,lampropeltis-triangulum
5e0fe76874,pantherophis-obsoletus
e42020f71e,crotalus-atrox
6ee21f4bbc,pituophis-catenifer
7e25f7155c,pituophis-catenifer
aba879e0f7,pantherophis-obsoletus
79e730fef9,lampropeltis-triangulum
2d0a449a11,thamnophis-sirtalis
ddeaf09179,thamnophis-marcianus
50a7c39fb7,lampropeltis-triangulum
018c739beb,natrix-natrix
fc94ed1d6d,nerodia-erythrogaster
230c70d896,crotalus-atrox
d2084ae837,coluber-constrictor
580f638042,thamnophis-proximus
cd8dc76a5a,diadophis-punctatus
c8ca8f0048,crotalus-ruber
ef1690ca4f,rhinocheilus-lecontei
d484524f6a,thamnophis-radix
3e12eda545,storeria-dekayi
2874500090,nerodia-sipedon
279efc0706,thamnophis-sirtalis
ff8722be40,diadophis-punctatus
d1741bbdfa,thamnophis-sirtalis
277dc08855,agkistrodon-piscivorus
79ce251e0a,crotalus-atrox
ec2cb44a7f,pituophis-catenifer
f13f3085ae,lampropeltis-californiae
368907beeb,pantherophis-obsoletus
cbb770ff5a,thamnophis-sirtalis
543995ea87,lampropeltis-triangulum
07624666fb,pantherophis-obsoletus
bd32389689,pantherophis-guttatus
f22cb96859,crotalus-atrox
0a78ca4bcb,crotalus-horridus
d6a80b7b94,thamnophis-sirtalis
ebcbf1382f,pituophis-catenifer
c334072feb,storeria-dekayi
2e97263a6b,diadophis-punctatus
77321df6c5,crotalus-atrox
779248244f,pantherophis-obsoletus
8f336f0634,thamnophis-sirtalis
7bf2980a9d,thamnophis-sirtalis
4bbc8c4bcb,crotalus-atrox
e4827f9295,pantherophis-obsoletus
bdbd9d005c,pituophis-catenifer
8b9db7077f,pituophis-catenifer
ca33c6d5ad,pantherophis-guttatus
2abb924a58,lampropeltis-triangulum
ccdceb7b04,pantherophis-obsoletus
1c53a0e9af,nerodia-sipedon
9d5e6df395,lampropeltis-triangulum
14766b3230,coluber-constrictor
336c730066,thamnophis-sirtalis
b4f2848f54,lampropeltis-triangulum
c7c9fdada6,thamnophis-sirtalis
2ea0beae2d,pantherophis-obsoletus
093655b322,heterodon-platirhinos
5eab328c5b,pantherophis-obsoletus
5955a29848,crotalus-scutulatus
07437a1fe8,lampropeltis-triangulum
f63b571452,lampropeltis-triangulum
2632a10a71,thamnophis-sirtalis
274fd61c14,storeria-dekayi
a7f5375ba7,thamnophis-sirtalis
f037d55664,thamnophis-radix
138924be68,storeria-occipitomaculata
acd563d446,diadophis-punctatus
4b381d7348,agkistrodon-contortrix
0ae45b5aaa,heterodon-platirhinos
a853ecfce0,pituophis-catenifer
f7ab9a3e13,agkistrodon-piscivorus
231da2602e,diadophis-punctatus
48ac7f1c7d,nerodia-sipedon
770de8c393,pantherophis-obsoletus
2049112874,pituophis-catenifer
d5c6a36fb3,pantherophis-obsoletus
5d5286410a,lampropeltis-californiae
fbd2e05f9d,crotalus-horridus
5cb1e77e60,thamnophis-proximus
016c384a1a,thamnophis-sirtalis
7b7a456cd9,storeria-dekayi
99e3cdcc39,lampropeltis-triangulum
a3df4a6366,pituophis-catenifer
3b99bf84d6,storeria-occipitomaculata
59cd4c4417,thamnophis-sirtalis
a44d993fbe,lampropeltis-triangulum
806789a916,storeria-dekayi
10c35c9661,storeria-dekayi
d5998a22fb,agkistrodon-contortrix
f08e8cb28b,lampropeltis-triangulum
d931cd921f,storeria-dekayi
5ab3fc3b21,crotalus-horridus
9310ca3b13,thamnophis-sirtalis
990d9f9cc7,storeria-dekayi
b883a88123,agkistrodon-contortrix
659e1304ed,crotalus-atrox
632568f983,pituophis-catenifer
82b4daee47,storeria-dekayi
9e08e2e7c0,thamnophis-proximus
995da4bdfe,nerodia-sipedon
9ba5f59e0d,pantherophis-vulpinus
ecc2bff41e,thamnophis-sirtalis
48807c6a7f,pantherophis-obsoletus
f9bfc13a70,agkistrodon-contortrix
0bc8c8b3d9,nerodia-sipedon
9cd4b65c2c,coluber-constrictor
511dffe7d2,crotalus-ruber
0d885db042,thamnophis-sirtalis
10ff7e57d3,lampropeltis-californiae
b9551ebdb5,pantherophis-obsoletus
bb4acca82d,thamnophis-sirtalis
6a5c796675,pantherophis-obsoletus
3ccba0002a,crotalus-horridus
521a24cb0a,lampropeltis-triangulum
7db0e926a2,opheodrys-aestivus
82335fe2c5,lampropeltis-californiae
5f9a9502e6,pantherophis-alleghaniensis
10cea40844,lampropeltis-triangulum
a370764eb5,crotalus-atrox
f5f5fa2cb8,storeria-dekayi
662387370b,thamnophis-sirtalis
c68022554f,thamnophis-sirtalis
c36db9f26d,nerodia-sipedon
cbfddc9c88,pituophis-catenifer
cc51485193,pantherophis-obsoletus
ca424e0558,thamnophis-sirtalis
af114ec554,pantherophis-obsoletus
cbd8652fef,lampropeltis-californiae
80da121cf4,agkistrodon-contortrix
108da1072a,pantherophis-vulpinus
66f17263f8,thamnophis-marcianus
f5752a0f0a,pituophis-catenifer
e7e867160a,thamnophis-sirtalis
ca291a5737,thamnophis-sirtalis
7f8c875465,haldea-striatula
195a2f4c3a,heterodon-platirhinos
2757eb8bbd,pantherophis-obsoletus
53d596c447,nerodia-sipedon
18a07e89ac,pituophis-catenifer
1c806c5b9b,heterodon-platirhinos
a8fae46a5a,agkistrodon-contortrix
eab9b89ad9,pantherophis-obsoletus
3afe948592,pantherophis-alleghaniensis
7230d4cc69,agkistrodon-contortrix
35e116cab9,crotalus-horridus
f7cf344e61,pituophis-catenifer
113f968224,coluber-constrictor
b1fb6982cd,crotalus-atrox
d50bdf5b2d,diadophis-punctatus
5c818f58a7,crotalus-horridus
533805ace7,lampropeltis-californiae
783d628cbf,thamnophis-sirtalis
543bb54091,diadophis-punctatus
59411ea382,nerodia-rhombifer
7326d26554,pantherophis-alleghaniensis
5b848633ea,thamnophis-sirtalis
a1ba32ac3d,nerodia-sipedon
c368ede9c3,pantherophis-obsoletus
f1bae12c32,thamnophis-sirtalis
534d81b3e3,thamnophis-proximus
91a95ef9cb,thamnophis-sirtalis
78eac1ae97,diadophis-punctatus
f05faa4bb1,pantherophis-guttatus
f748cf3f7e,storeria-dekayi
142141ec62,crotalus-atrox
c52ac38aa0,pantherophis-obsoletus
2c6828452e,opheodrys-aestivus
36cc932452,diadophis-punctatus
459bff3c88,agkistrodon-contortrix
c75bd067fd,opheodrys-aestivus
379c96f9ac,crotalus-ruber
65ba6853da,pantherophis-obsoletus
0db0392426,storeria-dekayi
b095d3ea2d,lampropeltis-triangulum
3415603d3c,opheodrys-aestivus
dafd6dd941,storeria-occipitomaculata
a7bce1f266,heterodon-platirhinos
c6a741646d,crotalus-atrox
60dcbd5c62,pantherophis-guttatus
f8f3d41360,crotalus-atrox
9b5e5fd103,rhinocheilus-lecontei
08f107e1e0,thamnophis-sirtalis
d96a2f8208,rhinocheilus-lecontei
b03b72c2eb,lampropeltis-triangulum
c4b9384f10,nerodia-sipedon
6f2637eba0,thamnophis-sirtalis
e7fbaf1783,pantherophis-obsoletus
2b07b7f1fc,storeria-dekayi
22784e30bd,storeria-occipitomaculata
fc99bec64d,pantherophis-obsoletus
e759f3eb2e,agkistrodon-contortrix
9b56093388,crotalus-ruber
985cdf296c,thamnophis-proximus
af183d1608,pantherophis-obsoletus
ebf7de46e9,lampropeltis-californiae
043d5f3770,thamnophis-sirtalis
0b36bcded4,opheodrys-aestivus
01ef98f8e1,nerodia-erythrogaster
47efeda4fa,lampropeltis-triangulum
fa62eae8c5,thamnophis-marcianus
3da4f0bcba,thamnophis-sirtalis
817a7ca50c,lampropeltis-californiae
4bb367498c,crotalus-horridus
aca563e081,heterodon-platirhinos
c6db7228bb,pantherophis-obsoletus
8e4a48cec4,pantherophis-emoryi
a3da69708a,pantherophis-obsoletus
b142b8a891,lampropeltis-triangulum
4142bb2db1,pantherophis-obsoletus
db3125c33e,pituophis-catenifer
5a2623981f,crotalus-atrox
4b63db7a28,lampropeltis-triangulum
5a67e89081,crotalus-atrox
b250c512df,storeria-dekayi
d952649529,diadophis-punctatus
3ac12b3402,diadophis-punctatus
6b15e3ec5f,heterodon-platirhinos
e4fa7fdae2,thamnophis-sirtalis
3c79a2b1b5,crotalus-atrox
63d96d44bd,crotalus-horridus
dc0f71785b,diadophis-punctatus
3715978259,heterodon-platirhinos
5c02da1538,thamnophis-sirtalis
a56a6fe0a7,pituophis-catenifer
1ca029bf84,thamnophis-sirtalis
053bbbfcb7,thamnophis-sirtalis
3a231f98df,storeria-dekayi
ef3c60bc6b,thamnophis-sirtalis
82c4e51f8a,natrix-natrix
2c9e196186,storeria-dekayi
7c712866ff,nerodia-erythrogaster
fa72b3fe67,pantherophis-guttatus
2b8d448683,nerodia-sipedon
a75b4f3fb0,thamnophis-marcianus
7f2892af39,pantherophis-obsoletus
9877d40edb,nerodia-sipedon
603192bd4c,lampropeltis-triangulum
44a1a3e35f,pantherophis-obsoletus
9b5096caa1,thamnophis-sirtalis
8dc1f0796e,pituophis-catenifer
53e70d9cee,heterodon-platirhinos
1b8242b960,thamnophis-sirtalis
03158930ae,crotalus-atrox
6039af7619,pantherophis-obsoletus
190a575a41,thamnophis-sirtalis
2fc944bb61,pantherophis-vulpinus
d23b088919,agkistrodon-contortrix
f17ff6178e,crotalus-atrox
401f315389,storeria-dekayi
bd2046b98f,pantherophis-obsoletus
64808b2252,heterodon-platirhinos
abc0495ee8,pantherophis-alleghaniensis
cb9f92f658,nerodia-sipedon
7289b39618,agkistrodon-piscivorus
d04605b05d,pantherophis-obsoletus
5cc447b09a,thamnophis-radix
902ba5f792,crotalus-horridus
a0c3ea95cd,pantherophis-obsoletus
93238c9b55,rhinocheilus-lecontei
9510d33970,storeria-dekayi
cc01857305,pantherophis-obsoletus
c379d985be,crotalus-atrox
30d87fe508,thamnophis-sirtalis
d49df213b1,pituophis-catenifer
9262535d19,opheodrys-aestivus
954cf7d09a,crotalus-horridus
07adf1b336,coluber-constrictor
25b2fbd6ca,thamnophis-sirtalis
d67ee11156,thamnophis-sirtalis
4bb9005883,storeria-dekayi
d26718bf1b,storeria-dekayi
f553f2da1c,crotalus-atrox
4bef4cae1b,thamnophis-sirtalis
cc4949ffe3,pantherophis-obsoletus
8cffcf426d,pantherophis-alleghaniensis
17bff00b28,pantherophis-obsoletus
e7b04cfe8c,agkistrodon-piscivorus
910ad43321,pantherophis-obsoletus
14b9be3fc8,storeria-dekayi
d210b0b664,pituophis-catenifer
c20c4fedeb,crotalus-horridus
7aa2349bd4,pantherophis-alleghaniensis
22ee6908b7,storeria-dekayi
99d080b04b,pantherophis-obsoletus
91111d3298,thamnophis-sirtalis
bcaa37e00c,thamnophis-sirtalis
e8e4c7fbb1,nerodia-sipedon
ad27b3dc95,lampropeltis-triangulum
96c0e968cf,opheodrys-aestivus
c935ce3db7,thamnophis-sirtalis
b6f53fbd8e,storeria-occipitomaculata
3f8b54c5b8,pantherophis-obsoletus
4c885eabe4,opheodrys-aestivus
2786b3576c,coluber-constrictor
a466efd69d,pantherophis-guttatus
407c2c9dda,thamnophis-sirtalis
3565b03095,lampropeltis-californiae
6e9284955c,lampropeltis-californiae
8ed99e4c86,pantherophis-obsoletus
a5e69edc4b,storeria-occipitomaculata
4e6c995bef,pantherophis-obsoletus
5ae9d343e8,thamnophis-sirtalis
e25a32c987,thamnophis-sirtalis
b30e722d22,thamnophis-sirtalis
5afeda65d0,pantherophis-obsoletus
18ad85f471,crotalus-horridus
39927cfbaa,agkistrodon-contortrix
7b692d1127,crotalus-horridus
84fcbb8e68,pantherophis-guttatus
14ae30c15b,nerodia-sipedon
a603faa96e,storeria-dekayi
cd279c6a32,thamnophis-sirtalis
6aec488970,pituophis-catenifer
4702bb06b2,pantherophis-obsoletus
9f1f0c4d77,pantherophis-emoryi
37d255ba5a,pantherophis-obsoletus
9270b2e18c,pantherophis-guttatus
38d6a2113a,pantherophis-obsoletus
c0f77950f7,thamnophis-sirtalis
86a6eb367c,pantherophis-obsoletus
3ad0cabc18,haldea-striatula
59b1221597,agkistrodon-contortrix
1012f2362a,crotalus-atrox
daac1e1960,thamnophis-sirtalis
b1cb0097f1,thamnophis-sirtalis
073e9ff640,nerodia-sipedon
3105af6b71,diadophis-punctatus
c2cbb5ab68,storeria-dekayi
8bd5db2b2b,pantherophis-obsoletus
6e0adfbf99,thamnophis-sirtalis
ebfb1532ab,storeria-dekayi
7120a62958,agkistrodon-piscivorus
c15675b887,heterodon-platirhinos
9604596853,crotalus-horridus
f2bc584e0b,thamnophis-radix
5ab91cb2ee,pantherophis-spiloides
a1177f99c4,thamnophis-sirtalis
8c6e0cc938,heterodon-platirhinos
ff85bf00f2,thamnophis-sirtalis
35dba4ac51,crotalus-atrox
77cb900136,agkistrodon-contortrix
f29d659e71,pantherophis-obsoletus
e9bb397147,lampropeltis-californiae
6f7f36069e,crotalus-atrox
07989fe1c3,crotalus-atrox
768a99b9e5,rhinocheilus-lecontei
5512ed611d,thamnophis-sirtalis
b598056f93,coluber-constrictor
8456d0ce23,pantherophis-vulpinus
f75b87d80d,pituophis-catenifer
d69f21de4e,thamnophis-sirtalis
27163ec202,rhinocheilus-lecontei
414c6c1e8c,thamnophis-proximus
d11bd5b048,thamnophis-radix
99206af14b,crotalus-atrox
d5cb6099b8,thamnophis-sirtalis
9f06ab71ae,lampropeltis-californiae
ec7281cd7c,crotalus-atrox
c2e01b4390,nerodia-erythrogaster
6a3c1344c4,thamnophis-sirtalis
8aba528ea0,thamnophis-sirtalis
0136882c08,heterodon-platirhinos
83bf58f0b1,thamnophis-sirtalis
0557d01771,lampropeltis-californiae
97022292ea,pantherophis-guttatus
f6cc3d20e0,thamnophis-sirtalis
f45f8ee077,heterodon-platirhinos
357c52b2f0,heterodon-platirhinos
90c8498d65,crotalus-horridus
aa3c457150,nerodia-sipedon
1ce0e88a44,thamnophis-sirtalis
e218ba88c9,crotalus-atrox
57cec6689a,thamnophis-sirtalis
6a5112a54d,pituophis-catenifer
ac9117b886,storeria-dekayi
2540a21720,thamnophis-proximus
dd169804df,diadophis-punctatus
c237e67115,thamnophis-sirtalis
fe298a3058,nerodia-erythrogaster
4cc3b7adf3,thamnophis-sirtalis
6b81c6a99c,crotalus-atrox
e2009dad0c,heterodon-platirhinos
08765181d5,opheodrys-aestivus
5e8c069be7,storeria-dekayi
9339f7c45b,storeria-dekayi
ab978ec9f5,pantherophis-obsoletus
0a308984b0,heterodon-platirhinos
4b444a7450,thamnophis-sirtalis
e985579c1c,coluber-constrictor
a67125bb01,agkistrodon-piscivorus
2efa69a2f5,diadophis-punctatus
b8cc1ff52b,crotalus-atrox
5c2a00b326,lampropeltis-californiae
88c9895e1d,nerodia-sipedon
85a138a2b1,heterodon-platirhinos
031021f64c,diadophis-punctatus
afc6314ff1,agkistrodon-contortrix
2e6564e977,natrix-natrix
26492ca0f0,pantherophis-obsoletus
8830373ae9,nerodia-sipedon
c834e92d7b,thamnophis-sirtalis
1ae509bbff,heterodon-platirhinos
1edb40263d,crotalus-horridus
28ed4d6904,opheodrys-aestivus
2597f7e76d,pituophis-catenifer
3b7ab4e0d8,lampropeltis-californiae
82b1d44782,thamnophis-sirtalis
9000233532,nerodia-sipedon
a0da4b8579,thamnophis-radix
7f8365af3d,thamnophis-radix
f178404533,thamnophis-radix
da99774679,storeria-occipitomaculata
635181b9d2,storeria-dekayi
81176ee1c5,thamnophis-sirtalis
aae5d3dda7,heterodon-platirhinos
7e52574588,opheodrys-aestivus
33b4f8c6ee,thamnophis-proximus
929d07dc6c,pantherophis-obsoletus
6d39dfc724,pantherophis-guttatus
2d6aff49e2,heterodon-platirhinos
372bc68670,diadophis-punctatus
ec60c2ed8a,thamnophis-sirtalis
62d1292fff,nerodia-sipedon
a020682646,pantherophis-obsoletus
2006370aad,pantherophis-guttatus
ccf697d8ee,thamnophis-sirtalis
482495a29c,crotalus-atrox
ebee509f76,pituophis-catenifer
ec5bf8fc94,rhinocheilus-lecontei
ff2bb74401,crotalus-horridus
9687257d87,lampropeltis-californiae
1672540ff2,pantherophis-obsoletus
40f8894ab0,pantherophis-obsoletus
eeeb364f80,crotalus-atrox
17b6bccd26,coluber-constrictor
6b5fdb070a,thamnophis-sirtalis
fb2fc7f287,coluber-constrictor
bc238794f9,pantherophis-obsoletus
93447ffb77,crotalus-atrox
c508eadaf2,pantherophis-obsoletus
cf457786fd,pantherophis-obsoletus
4c47136817,thamnophis-sirtalis
f5215fb122,crotalus-scutulatus
36f8a53278,pantherophis-guttatus
da4b78e030,nerodia-sipedon
3857f94d7f,pantherophis-obsoletus
95aa99daf1,heterodon-platirhinos
2f71e4dbc5,diadophis-punctatus
494fb17d3f,rhinocheilus-lecontei
2783f6e72e,crotalus-atrox
0a1cb5c228,pantherophis-guttatus
ee9f2b0478,crotalus-atrox
ea7589812a,heterodon-platirhinos
0bec79eaff,crotalus-atrox
594372deba,pantherophis-obsoletus
b48d02b277,opheodrys-aestivus
6143211fb1,crotalus-atrox
9ccf3dc324,thamnophis-sirtalis
3ab63ae9ff,thamnophis-radix
155a2f53cf,thamnophis-sirtalis
dfada263c6,nerodia-sipedon
4932b1089d,thamnophis-sirtalis
6d58bdcf39,thamnophis-sirtalis
734cb7f4b6,lampropeltis-californiae
e1f9280372,pantherophis-obsoletus
86f3c1735d,diadophis-punctatus
07c9d2aa3b,crotalus-atrox
7683989c81,crotalus-horridus
2890dcea84,thamnophis-sirtalis
ef9804663f,nerodia-sipedon
6af9df245c,pantherophis-guttatus
f1c06381a3,thamnophis-radix
2d28192243,lampropeltis-triangulum
9896a79a1d,thamnophis-sirtalis
9a9ae8f452,pantherophis-emoryi
de6161fc29,thamnophis-sirtalis
2a74549a83,pantherophis-obsoletus
5dfc97da50,pantherophis-alleghaniensis
b79cdcde09,pantherophis-obsoletus
412b9deed5,pantherophis-obsoletus
827ade5a7b,pantherophis-guttatus
018a9dc8d3,crotalus-atrox
98707250c7,lampropeltis-californiae
7c81f46daf,thamnophis-proximus
ae0e1c4a78,pantherophis-alleghaniensis
a2ff49924c,lampropeltis-californiae
2c92388500,thamnophis-proximus
fb5ea6dd78,crotalus-atrox
c795f9a09c,diadophis-punctatus
96964b08d8,pantherophis-obsoletus
82f95efa2b,thamnophis-sirtalis
b3937b0554,agkistrodon-piscivorus
1b6152c43b,nerodia-sipedon
97a30ec6dd,pantherophis-obsoletus
dece1935ee,storeria-dekayi
4653c6fd7c,pantherophis-obsoletus
eca3e3a92b,rhinocheilus-lecontei
96e30cfac5,pantherophis-guttatus
d1f106e978,storeria-dekayi
657db6cb59,crotalus-atrox
31038dddc5,pantherophis-obsoletus
4511368f4f,thamnophis-sirtalis
4fca272540,pantherophis-obsoletus
961f8aa971,diadophis-punctatus
41e50ec9ca,crotalus-atrox
ad2a1a1ce2,lampropeltis-californiae
92b9fd66a7,storeria-dekayi
b2cb283e6a,diadophis-punctatus
a128fcabc1,nerodia-erythrogaster
01cdc5a346,pantherophis-emoryi
6f6c719cd8,agkistrodon-contortrix
7b073b871d,thamnophis-sirtalis
fb161a2da0,thamnophis-sirtalis
8639fe5b0f,storeria-dekayi
6c514aa440,crotalus-atrox
4e410fc7b2,pituophis-catenifer
c447daa98a,agkistrodon-contortrix
33327a3289,thamnophis-marcianus
0e00591aa0,crotalus-horridus
c639c6450f,lampropeltis-triangulum
fd7f5407f9,thamnophis-sirtalis
30379927e5,nerodia-sipedon
faee0c2011,thamnophis-sirtalis
8a40ad504a,diadophis-punctatus
8b88fdf313,pantherophis-alleghaniensis
5f46d656ec,crotalus-atrox
316bdbcb02,crotalus-horridus
e72a84360b,storeria-dekayi
b639c34385,rhinocheilus-lecontei
37169c7bb0,nerodia-sipedon
3addd707c9,heterodon-platirhinos
8cfc6dd3fc,thamnophis-sirtalis
a2bfde867b,storeria-dekayi
22bddb0584,agkistrodon-piscivorus
4190fde1f9,thamnophis-sirtalis
3d0d434f77,pantherophis-obsoletus
f01f1bf65f,pantherophis-obsoletus
5ac87d5d17,thamnophis-sirtalis
3e3c7d6a97,lampropeltis-triangulum
40b6a032cf,pantherophis-emoryi
b68524273d,diadophis-punctatus
ab9310747f,pantherophis-obsoletus
cf0eb86b3b,lampropeltis-triangulum
e82ae7b777,crotalus-ruber
0124071f58,pantherophis-obsoletus
37acecc0dd,pantherophis-obsoletus
23c8856939,thamnophis-sirtalis
40ae26e406,crotalus-atrox
4af1ee7c2d,thamnophis-marcianus
3fee6efbe8,thamnophis-sirtalis
2d29d24cdb,lampropeltis-californiae
0d39054a9c,storeria-dekayi
25f552c213,pantherophis-obsoletus
9a9ff1f37e,crotalus-atrox
9685d88cba,lampropeltis-triangulum
95f1a02753,pantherophis-alleghaniensis
c9cec706f3,pituophis-catenifer
d842503f72,heterodon-platirhinos
3ae45feeeb,pantherophis-obsoletus
5179b57412,coluber-constrictor
ff0d5db8c9,coluber-constrictor
c47ad4521c,lampropeltis-californiae
4086ec30bf,thamnophis-sirtalis
fb500e597c,pantherophis-guttatus
0fdca857ba,crotalus-horridus
16e3dff323,diadophis-punctatus
70463ea3f3,thamnophis-sirtalis
9de805091c,pantherophis-obsoletus
3e2ba8887b,pantherophis-alleghaniensis
0a238c03e4,thamnophis-sirtalis
8c27c26f9f,pantherophis-obsoletus
447e96a831,nerodia-sipedon
4c173568d9,coluber-constrictor
5948054f6e,thamnophis-radix
cfb9943f32,crotalus-ruber
0989b197e5,pantherophis-alleghaniensis
93d698c9bb,heterodon-platirhinos
40ff71dcbb,pantherophis-obsoletus
ddb3ee4efc,storeria-dekayi
94b92dedec,heterodon-platirhinos
14da1fc791,crotalus-atrox
e97587c12c,crotalus-horridus
50e33fc24f,storeria-occipitomaculata
2d146d1f12,lampropeltis-californiae
2e359108b2,lampropeltis-californiae
55a884982c,pantherophis-obsoletus
cc40d66bfb,nerodia-rhombifer
a8f470944a,coluber-constrictor
b83f491562,lampropeltis-triangulum
45cdae2a4e,nerodia-sipedon
2c92500ad7,haldea-striatula
380f7deecf,pantherophis-obsoletus
9059623576,crotalus-atrox
276c2680f9,pantherophis-guttatus
2fa9ef0310,opheodrys-aestivus
d0c7913d75,crotalus-atrox
9ce405566f,lampropeltis-triangulum
c98b81ad8a,pantherophis-obsoletus
e3aa373714,opheodrys-aestivus
1e4f536605,storeria-dekayi
ec209ef519,heterodon-platirhinos
582700d0c7,lampropeltis-triangulum
7727cb44a1,storeria-dekayi
bc92129dc2,diadophis-punctatus
d92656ecc3,pantherophis-obsoletus
d76ff1ac44,lampropeltis-californiae
3034db32e1,pituophis-catenifer
35b6982636,pantherophis-obsoletus
1ac3b66cc3,heterodon-platirhinos
36534fcac5,pantherophis-obsoletus
10b1acb0b6,pantherophis-obsoletus
54dcbb96e0,nerodia-sipedon
731da2fb12,pantherophis-obsoletus
dce52386f5,thamnophis-sirtalis
18b89918ca,diadophis-punctatus
839899700a,nerodia-sipedon
84614e40b8,thamnophis-sirtalis
a7723f7ef4,thamnophis-sirtalis
1d8ea15457,lampropeltis-triangulum
a487c28099,crotalus-atrox
7240b699f4,diadophis-punctatus
8a759fc288,pantherophis-obsoletus
13b138dcc4,pantherophis-obsoletus
f7be9664a7,crotalus-atrox
641a4f65bc,opheodrys-aestivus
bd4f7d349e,pantherophis-alleghaniensis
000e2d0a91,crotalus-atrox
ce502ba8a0,crotalus-atrox
97d93358ab,lampropeltis-triangulum
46f9560c99,pituophis-catenifer
5888a3e522,thamnophis-sirtalis
84d4a08b93,opheodrys-aestivus
8293286f7c,pantherophis-obsoletus
4c01b5b8ba,pantherophis-obsoletus
13854590ea,crotalus-atrox
1a019b53b3,pantherophis-alleghaniensis
7f2637a665,pituophis-catenifer
46d28d1bf2,crotalus-horridus
ba4c35ebf2,pantherophis-obsoletus
c4476648be,thamnophis-sirtalis
0e8f2965b4,crotalus-atrox
e4bcba036b,pantherophis-alleghaniensis
dc6f3721ba,pantherophis-obsoletus
e9b8444822,lampropeltis-californiae
02eda2c865,rhinocheilus-lecontei
32edd9e217,lampropeltis-triangulum
0a23c6dbed,pantherophis-obsoletus
0138d2cb1a,lampropeltis-californiae
a265b17556,thamnophis-radix
5360e19610,pantherophis-vulpinus
6929c425fd,thamnophis-sirtalis
d1006244a6,crotalus-horridus
561e39734f,thamnophis-radix
8f31a0a689,nerodia-sipedon
7012d40d2f,nerodia-erythrogaster
7a35c857bc,diadophis-punctatus
f77e1aa99f,thamnophis-sirtalis
75252599b9,lampropeltis-californiae
4af6d73d49,storeria-dekayi
cd7d579dab,thamnophis-sirtalis
7b0ad73599,pantherophis-obsoletus
34b33a11fa,thamnophis-sirtalis
3170f538d1,nerodia-sipedon
8586ab31a9,pantherophis-obsoletus
08acf2e47d,thamnophis-sirtalis
b1286d3868,storeria-dekayi
2d0f08fa36,crotalus-atrox
a0b9ba917f,crotalus-atrox
f40abd0edf,nerodia-erythrogaster
3bd72284b8,diadophis-punctatus
8b5cd0f884,nerodia-sipedon
f8e59232c8,pantherophis-obsoletus
572c5c3520,pantherophis-vulpinus
957c00b573,lampropeltis-triangulum
93e591cb23,pantherophis-obsoletus
68a603b39d,pantherophis-obsoletus
4f472510f3,pantherophis-obsoletus
d6884444ae,crotalus-horridus
c0fa7df5de,pantherophis-obsoletus
